-0.0044557,8.9582e-05,0.00014083,1.6195e-05,6.1403e-06,1.8748e-05,6.0062e-05,8.5134e-07,0.65424,0,0,0.00020841,0,-1.3111e-06,-0.00081006,-0.00084471,-0.0010911,2.0256e-07,-3.7129e-09,2.1688e-07,1.6742e-06,1.6775e-06,1.6455e-06,1.6676e-06,-1.2301e-06,0.00020837,-0.00020837,-1.0018e-06,-1.3023e-06,-1.8604e-06,-3.2557e-06,-0.00020837,-0.00035183,-39.944,-9.9861,-639.11,0,0,0,0,0,0,4.2461e-09,0.0014127,0,0,5.9163e-07,0,2.0773e-06,2.0773e-06,2.0773e-06,2.0773e-06,2.0773e-06,2.0773e-06,2.0773e-06,2.0773e-06,2.0773e-06,2.5839e-06,2.5521e-06,2.0773e-06,5.9159e-07,-5.9159e-07,-2.8442e-09,-3.6974e-09,-5.2821e-09,-9.2436e-09,-5.9159e-07,-1.0201e-06,0,0,0
-3.1643,-19.686,-0.00042312,-4.8657e-05,-1.8448e-05,-5.6327e-05,-0.00018045,-2.5578e-06,-1.9656,0,0,-0.099958,0,3.9392e-06,18.767,0.0025379,1.2675,-0.31357,1.1155e-08,-6.5159e-07,-5.0299e-06,-5.0398e-06,-4.9439e-06,-5.0101e-06,3.6957e-06,-0.098565,0.098565,0.00047387,0.00061603,0.00088004,0.0015401,0.098565,0.098996,120.01,30.002,1920.2,0,0,0,0,0,0,-1.2757e-08,-0.0042444,0,0,-1.7775e-06,0,-6.2412e-06,-6.2412e-06,-6.2412e-06,-6.2412e-06,-6.2412e-06,-6.2412e-06,-6.2412e-06,-6.2412e-06,-6.2412e-06,-7.7632e-06,-7.6676e-06,-6.2412e-06,-1.7774e-06,1.7774e-06,8.5452e-09,1.1109e-08,1.587e-08,2.7772e-08,1.7774e-06,3.0647e-06,0,0,0
-33.718,-0.00012883,-48.058,-2.329e-05,-8.8303e-06,-2.6961e-05,-8.6375e-05,-1.2243e-06,-0.94086,0,0,-0.1164,0,1.8855e-06,0.0011649,19.57,0.0015691,-2.913e-07,-0.4178,-3.1189e-07,-2.4076e-06,-2.4123e-06,-2.3664e-06,-2.3981e-06,1.769e-06,-0.11477,0.11477,0.00055178,0.00071732,0.0010247,0.0017933,0.11477,0.11498,57.443,14.361,919.09,0,0,0,0,0,0,-6.1063e-09,-0.0020316,0,0,-8.5083e-07,0,-2.9874e-06,-2.9874e-06,-2.9874e-06,-2.9874e-06,-2.9874e-06,-2.9874e-06,-2.9874e-06,-2.9874e-06,-2.9874e-06,-3.7159e-06,-3.6702e-06,-2.9874e-06,-8.5076e-07,8.5076e-07,4.0902e-09,5.3173e-09,7.5961e-09,1.3293e-08,8.5076e-07,1.4669e-06,0,0,0
-20.771,-0.0014347,-0.0022554,-4.2727,-9.8336e-05,-0.00030025,-0.00096189,-1.3634e-05,24022,0,0,-0.030899,0,2.0998e-05,0.012973,0.013528,24.038,-3.244e-06,5.9462e-08,-0.37467,-2.6812e-05,-2.6864e-05,-2.6353e-05,-2.6706e-05,1.97e-05,-0.029216,0.029216,0.00014046,0.0001826,0.00026086,0.0004565,0.029216,0.031514,639.71,159.93,10235,0,0,0,0,0,0,-6.8002e-08,-0.022625,0,0,-9.475e-06,0,-3.3269e-05,-3.3269e-05,-3.3269e-05,-3.3269e-05,-3.3269e-05,-3.3269e-05,-3.3269e-05,-3.3269e-05,-3.3269e-05,-4.1381e-05,-4.0872e-05,-3.3269e-05,-9.4743e-06,9.4743e-06,4.555e-08,5.9215e-08,8.4592e-08,1.4804e-07,9.4743e-06,1.6336e-05,0,0,0
0.42997,-0.0004611,10.283,-8.336e-05,-4.5885,1.0646,-0.00030916,-4.3821e-06,2483.8,0,0,0.01825,0,6.7487e-06,0.0041696,0.004348,0.0056161,-1.0426e-06,0.089551,-1.1163e-06,-0.21401,-8.6344e-06,-8.47e-06,-8.5835e-06,6.3316e-06,0.018241,-0.018241,-8.7696e-05,-0.00011401,-0.00016286,-0.00028501,-0.018241,-0.017502,205.6,51.401,3289.7,0,0,0,0,0,0,-2.1856e-08,-0.0072717,0,0,-3.0453e-06,0,-1.0693e-05,-1.0693e-05,-1.0693e-05,-1.0693e-05,-1.0693e-05,-1.0693e-05,-1.0693e-05,-1.0693e-05,-1.0693e-05,-1.33e-05,-1.3136e-05,-1.0693e-05,-3.0451e-06,3.0451e-06,1.464e-08,1.9032e-08,2.7188e-08,4.7579e-08,3.0451e-06,5.2505e-06,0,0,0
-14.975,2.278,11.624,-0.00013729,2.8471,-6.2193,-0.00050915,-7.2169e-06,6645.2,0,0,0.023036,0,1.1115e-05,0.0068669,0.0071607,0.0092493,0.036441,0.10123,-1.8385e-06,-0.57224,-1.422e-05,-1.3949e-05,-1.4136e-05,1.0428e-05,0.023388,-0.023388,-0.00011244,-0.00014617,-0.00020882,-0.00036544,-0.023388,-0.022172,338.61,84.653,5417.8,0,0,0,0,0,0,-3.5995e-08,-0.011976,0,0,-5.0154e-06,0,-1.761e-05,-1.761e-05,-1.761e-05,-1.761e-05,-1.761e-05,-1.761e-05,-1.761e-05,-1.761e-05,-1.761e-05,-2.1904e-05,-2.1635e-05,-1.761e-05,-5.015e-06,5.015e-06,2.411e-08,3.1344e-08,4.4777e-08,7.8359e-08,5.015e-06,8.6471e-06,0,0,0
-25.851,4.7323,2.235,-6.7284e-05,2.2263,-0.52576,-11.691,-3.537e-06,22445,0,0,0.01185,0,5.4472e-06,0.0033655,0.0035094,0.004533,0.075688,0.019468,-9.0104e-07,0.10565,-0.56214,-6.8365e-06,-6.9282e-06,5.1106e-06,0.012456,-0.012456,-5.9884e-05,-7.7849e-05,-0.00011121,-0.00019462,-0.012456,-0.01186,165.95,41.488,2655.2,0,0,0,0,0,0,-1.7641e-08,-0.0058693,0,0,-2.458e-06,0,-8.6305e-06,-8.6305e-06,-8.6305e-06,-8.6305e-06,-8.6305e-06,-8.6305e-06,-8.6305e-06,-8.6305e-06,-8.6305e-06,-1.0735e-05,-1.0603e-05,-8.6305e-06,-2.4578e-06,2.4578e-06,1.1816e-08,1.5361e-08,2.1945e-08,3.8404e-08,2.4578e-06,4.2379e-06,0,0,0
-26.519,7.1696,17.857,2.6693,-0.80556,4.1857,5.8132,-0.34357,-32886,0,0,-64.279,0,0.000251,0.15508,0.16171,0.20888,0.1149,0.15574,0.23873,0.47889,0.28165,-0.89317,-0.00031924,0.00023549,-64.279,64.279,0.30903,0.40174,0.57392,1.0044,64.279,108.85,7646.8,1911.7,1.2235e+05,0,0,0,0,0,0,-8.1287e-07,-0.27045,0,0,-0.00011326,0,-0.00039768,-0.00039768,-0.00039768,-0.00039768,-0.00039768,-0.00039768,-0.00039768,-0.00039768,-0.00039768,-0.00049466,-0.00048857,-0.00039768,-0.00011325,0.00011325,5.4449e-07,7.0783e-07,1.0112e-06,1.7696e-06,0.00011325,0.00019528,0,0,0
1.2105e-05,3.3304,2.6827,1.1453,0.097816,0.97675,4.394,-1.2794e-10,-4.1405e+05,0,0,0.017996,0,1.9704e-10,1.2174e-07,1.2695e-07,1.6398e-07,0.053262,0.023361,0.10233,0.13399,0.21271,-2.473e-10,-1.2728,1.8487e-10,0.017996,-0.017996,-8.652e-05,-0.00011248,-0.00016068,-0.00028119,-0.017996,-0.017996,3.7901,0.0015008,0.096049,0,0,0,0,0,0,-6.3814e-13,-2.1231e-07,0,0,-8.8915e-11,0,-3.122e-10,-3.122e-10,-3.122e-10,-3.122e-10,-3.122e-10,-3.122e-10,-3.122e-10,-3.122e-10,-3.122e-10,-3.8833e-10,-3.8355e-10,-3.122e-10,-8.8908e-11,8.8908e-11,4.2744e-13,5.5568e-13,7.9382e-13,1.3892e-12,8.8908e-11,1.533e-10,0,0,0
3.1519,-0.0033806,-0.0053147,-0.00061116,-0.00023172,-0.00070751,-0.0022666,0.2445,3.7571e+05,-200.08,0,59.553,0,4.9479e-05,0.03057,0.031878,0.041175,-7.6442e-06,1.4012e-07,-8.1845e-06,-6.318e-05,-6.3304e-05,0.82592,1.2053,4.6421e-05,59.548,-59.548,-0.28629,-0.37217,-0.53168,-0.93043,-59.548,-100.75,1507.4,382.81,24119,0,0,0,0,0,0,-1.6024e-07,-0.053313,0,0,-2.2327e-05,0,-7.8394e-05,-7.8394e-05,-7.8394e-05,-7.8394e-05,-7.8394e-05,-7.8394e-05,-7.8394e-05,-7.8394e-05,-7.8394e-05,-9.7511e-05,-9.6311e-05,-7.8394e-05,-2.2325e-05,2.2325e-05,1.0733e-07,1.3953e-07,1.9933e-07,3.4883e-07,2.2325e-05,3.8495e-05,0,0,0
2.6215,0.13554,0.17312,-0.0051957,-0.0021997,-0.0036143,0.08236,0.0037978,-6694.3,0,-200.08,0.92548,0,6.3717e-05,0.039366,0.041051,0.048473,0.0023623,0.0017022,-0.0002696,-0.00044451,0.0041816,0.013023,-0.020861,5.9779e-05,0.92542,-0.92542,-0.0044491,-0.0057839,-0.0082627,-0.01446,199.07,-1.5654,1941.2,485.29,31198,0,0,0,0,0,0,-2.0635e-07,-0.068655,0,0,-2.8752e-05,0,-0.00010095,-0.00010095,-0.00010095,-0.00010095,-0.00010095,-0.00010095,-0.00010095,-0.00010095,-0.00010095,-0.00012557,-0.00012403,-0.00010095,-2.875e-05,2.875e-05,1.3822e-07,1.7969e-07,2.5669e-07,4.4921e-07,2.875e-05,4.9572e-05,0,0,0
0.56348,-0.016288,0.31024,-0.0029445,-0.0011164,-0.0034087,-0.01092,-0.00015506,-119.37,0,0,-0.11622,0,6.4565e-05,0.03989,0.041597,0.05373,-8.1187e-05,0.0028809,-8.379e-05,-0.00034875,-0.00034935,-0.00034445,-0.00034888,6.0575e-05,-0.037149,0.037149,0.0001786,0.00023218,0.00033169,0.00058045,0.037149,0.063279,1967,491.75,31472,0,0,0,0,0,0,-2.091e-07,-0.069569,0,0,-2.9134e-05,0,-0.0001023,-0.0001023,-0.0001023,-0.0001023,-0.0001023,-0.0001023,-0.0001023,-0.0001023,-0.0001023,-0.00012724,-0.00012568,-0.0001023,-2.9132e-05,2.9132e-05,1.4006e-07,1.8208e-07,2.6011e-07,4.5519e-07,2.9132e-05,5.0232e-05,0,0,0
5.9922,-0.022907,-0.036013,-0.0041413,-0.0015702,-0.0047941,-0.015359,-0.0002177,-167.3,0,0,-0.053294,-0.079078,0.0022153,0.20714,0.216,0.27901,-5.1798e-05,9.4944e-07,-5.5459e-05,-0.00042811,-0.00042895,-0.00042079,-0.00042643,0.00031455,-0.053283,0.053283,0.00025617,0.00033302,0.00047574,0.00083254,0.053283,0.089968,10214,2553.6,1.6343e+05,0,0,0,0,0,0,-1.0858e-06,-0.36126,0,0,-0.00015129,0,-0.00053121,-0.00053121,-0.00053121,-0.00053121,-0.00053121,-0.00053121,-0.00053121,-0.00053121,-0.00053121,-0.00066074,-0.00065261,-0.00053121,-0.00015128,0.00015128,7.273e-07,9.4549e-07,1.3507e-06,2.3637e-06,0.00015128,0.00026084,0,0,0
0.4118,-0.23131,-0.36365,-0.041818,-0.015855,-0.04841,-0.15509,-0.0022148,-1714.7,0,0,-0.54217,0,-0.043946,2.0917,2.1812,2.8173,0.038677,0.03921,0.03864,0.034877,0.034869,0.034895,0.034813,0.0031763,-0.54205,0.54205,0.002606,0.0033878,0.0048398,0.0084696,0.54205,0.91528,-2.2105e+05,-55264,-3.5369e+06,0,0,0,0,0,0,2.3498e-05,7.8182,0,0,0.0032742,0,0.042831,-0.005364,-0.005364,-0.005364,-0.005364,-0.005364,-0.005364,-0.005364,-0.005364,-0.0025606,-0.0027366,-0.005364,0.0032739,-0.0032739,-1.574e-05,-2.0462e-05,-2.9231e-05,-5.1155e-05,-0.0032739,-0.0056451,0,0,0
-43.944,-0.0002562,-0.00040276,-4.6316e-05,-1.7561e-05,-5.3617e-05,-0.00017177,-2.453e-06,-1.8992,0,0,-0.00060049,0,0.0037637,-18.791,0.0024158,0.0031204,-5.7931e-07,1.0618e-08,-6.2025e-07,-4.788e-06,-4.7974e-06,-4.7678e-06,-4.8592e-06,3.518e-06,-0.00060036,0.00060036,2.8864e-06,3.7523e-06,5.3604e-06,9.3807e-06,0.00060036,0.0010137,-244.83,-61.208,-3917.3,0,0,0,0,0,0,2.6026e-08,0.0086592,0,0,3.6264e-06,0,-5.941e-06,0.048189,-5.941e-06,-5.941e-06,-5.941e-06,-5.941e-06,-5.941e-06,-5.941e-06,-5.941e-06,-2.8361e-06,-3.0309e-06,-5.941e-06,3.6261e-06,-3.6261e-06,-1.7433e-08,-2.2663e-08,-3.2376e-08,-5.6658e-08,-3.6261e-06,-6.2523e-06,0,0,0
-26.138,-0.00016414,-0.00025804,-2.9673e-05,-1.125e-05,-3.4351e-05,-0.00011005,-1.5716e-06,-1.2167,0,0,-0.00038472,0,0.0037624,0.0014842,-19.596,0.0019991,-3.7114e-07,6.8029e-09,-3.9737e-07,-3.0675e-06,-3.0735e-06,-3.0546e-06,-3.1132e-06,2.2538e-06,-0.00038463,0.00038463,1.8492e-06,2.404e-06,3.4342e-06,6.0099e-06,0.00038463,0.00064947,-156.86,-39.214,-2509.7,0,0,0,0,0,0,1.6674e-08,0.0055477,0,0,2.3233e-06,0,-3.8062e-06,-3.8062e-06,0.048191,-3.8062e-06,-3.8062e-06,-3.8062e-06,-3.8062e-06,-3.8062e-06,-3.8062e-06,-1.817e-06,-1.9418e-06,-3.8062e-06,2.3231e-06,-2.3231e-06,-1.1169e-08,-1.452e-08,-2.0742e-08,-3.6299e-08,-2.3231e-06,-4.0057e-06,0,0,0
-39.16,-0.00019037,-0.00029928,-3.4416e-05,-1.3049e-05,-3.9841e-05,-0.00012764,-1.8228e-06,-1.4112,0,0,-0.00044621,0,0.0056428,0.0017215,0.0017951,-25.311,-4.3046e-07,7.8902e-09,-4.6089e-07,-3.5578e-06,-3.5648e-06,-3.5428e-06,-3.6107e-06,2.6141e-06,-0.00044611,0.00044611,2.1448e-06,2.7882e-06,3.9831e-06,6.9705e-06,0.00044611,0.00075327,-181.93,-45.482,-2910.8,0,0,0,0,0,0,1.9339e-08,0.0064344,0,0,2.6946e-06,0,-4.4146e-06,-4.4146e-06,-4.4146e-06,0.048191,-4.4146e-06,-4.4146e-06,-4.4146e-06,-4.4146e-06,-4.4146e-06,-2.1074e-06,-2.2522e-06,-4.4146e-06,2.6944e-06,-2.6944e-06,-1.2954e-08,-1.684e-08,-2.4057e-08,-4.2101e-08,-2.6944e-06,-4.6459e-06,0,0,0
-0.28507,2.0613,-0.026737,-0.0030746,-0.0011657,-0.0035593,-0.011403,-0.00016284,-126.07,0,0,-0.029333,0,0.00024892,0.15379,0.16037,0.20714,-0.034532,7.0489e-07,-4.1174e-05,-0.00031784,-0.00031846,-0.0003165,-0.00032257,0.00023353,-0.029472,0.029472,0.00014169,0.0001842,0.00026315,0.00046051,0.029472,0.056914,-16253,-4063.2,-2.6005e+05,0,0,0,0,0,0,1.7277e-06,0.57482,0,0,0.00024073,0,-0.00039438,-0.00039438,-0.00039438,-0.00039438,0.047801,-0.00039438,-0.00039438,-0.00039438,-0.00039438,-0.00018827,-0.0002012,-0.00039438,0.00024071,-0.00024071,-1.1573e-06,-1.5044e-06,-2.1492e-06,-3.7611e-06,-0.00024071,-0.00041505,0,0,0
-1.047,-0.014919,3.2439,-0.0026971,-0.0010226,-0.0031222,-0.010003,-0.00014284,-110.59,0,0,-0.027061,0,0.00021835,0.1349,0.14067,0.18171,-3.3734e-05,-0.039279,-3.6118e-05,-0.00027881,-0.00027936,-0.00027764,-0.00028296,0.00020486,-0.027164,0.027164,0.0001306,0.00016978,0.00024254,0.00042444,0.027164,0.051236,-14257,-3564.3,-2.2811e+05,0,0,0,0,0,0,1.5155e-06,0.50424,0,0,0.00021117,0,-0.00034595,-0.00034595,-0.00034595,-0.00034595,-0.00034595,0.047849,-0.00034595,-0.00034595,-0.00034595,-0.00016515,-0.0001765,-0.00034595,0.00021115,-0.00021115,-1.0152e-06,-1.3197e-06,-1.8853e-06,-3.2993e-06,-0.00021115,-0.00036408,0,0,0
-0.22438,-0.017189,-0.027022,0.37262,-0.0011782,-0.0035973,-0.011524,-0.00016458,-2280.7,0,0,-0.037818,0,0.00025157,0.15543,0.16208,0.20935,-3.8866e-05,7.1241e-07,-0.034203,-0.00032123,-0.00032186,-0.00031988,-0.00032601,0.00023602,-0.03796,0.03796,0.0001825,0.00023725,0.00033893,0.00059313,0.03796,0.065694,-16426,-4106.6,-2.6282e+05,0,0,0,0,0,0,1.7461e-06,0.58096,0,0,0.0002433,0,-0.00039859,-0.00039859,-0.00039859,-0.00039859,-0.00039859,-0.00039859,0.047796,-0.00039859,-0.00039859,-0.00019028,-0.00020335,-0.00039859,0.00024328,-0.00024328,-1.1696e-06,-1.5205e-06,-2.1721e-06,-3.8012e-06,-0.00024328,-0.00041948,0,0,0
2.2126,-0.0060725,-0.0095466,-0.0010978,0.14204,0.43369,-0.0040715,-5.8143e-05,-828.13,0,0,-0.012482,0,8.8878e-05,0.054912,0.057261,0.073962,-1.3731e-05,2.5169e-07,-1.4702e-05,-0.00046526,-0.00011371,-0.00011301,-0.00011518,8.3385e-05,-0.012586,0.012586,6.051e-05,7.8662e-05,0.00011237,0.00019666,0.012586,0.022384,-5803.2,-1450.8,-92852,0,0,0,0,0,0,6.1689e-07,0.20525,0,0,8.5955e-05,0,-0.00014082,-0.00014082,-0.00014082,-0.00014082,-0.00014082,-0.00014082,-0.00014082,0.048054,-0.00014082,-6.7223e-05,-7.1841e-05,-0.00014082,8.5948e-05,-8.5948e-05,-4.1321e-07,-5.3718e-07,-7.674e-07,-1.3429e-06,-8.5948e-05,-0.0001482,0,0,0
2.9475,-0.0080706,-0.012688,-0.001459,-0.00055319,-0.001689,1.388,-7.7274e-05,-2900.9,0,0,-0.016587,0,0.00011812,0.072979,0.076101,0.098298,-1.8249e-05,3.345e-07,-1.9539e-05,-0.00015083,-0.00042658,-0.00015019,-0.00015307,0.00011082,-0.016725,0.016725,8.0407e-05,0.00010453,0.00014933,0.00026132,0.016725,0.029747,-7712.7,-1928.2,-1.234e+05,0,0,0,0,0,0,8.1987e-07,0.27278,0,0,0.00011424,0,-0.00018715,-0.00018715,-0.00018715,-0.00018715,-0.00018715,-0.00018715,-0.00018715,-0.00018715,0.048008,-8.9341e-05,-9.5479e-05,-0.00018715,0.00011423,-0.00011423,-5.4917e-07,-7.1392e-07,-1.0199e-06,-1.7848e-06,-0.00011423,-0.00019696,0,0,0
6.4381,-0.017938,-0.028201,-0.0032429,-0.0012296,-0.0037542,-0.012027,0.019627,-132.97,0,0,4.7784,0,0.00026255,0.16221,0.16915,0.21848,-4.0562e-05,7.4348e-07,-4.3428e-05,-0.00033524,-0.0003359,-0.0011906,-0.00034023,0.00024632,4.7781,-4.7781,-0.022972,-0.029863,-0.042662,-0.074658,-4.7781,-8.0855,-17143,-4285.7,-2.7428e+05,0,0,0,0,0,0,1.8223e-06,0.6063,0,0,0.00025391,0,-0.00041597,-0.00041597,-0.00041597,-0.00041597,-0.00041597,-0.00041597,-0.00041597,-0.00041597,-0.00041597,0.047996,-0.00021222,-0.00041597,0.00025389,-0.00025389,-1.2206e-06,-1.5868e-06,-2.2669e-06,-3.967e-06,-0.00025389,-0.00043777,0,0,0
1.5908,-0.0043553,-0.0068469,-0.00078736,-0.00029852,-0.00091148,-0.0029201,-4.1701e-05,20996,0,0,-0.0089508,0,6.3744e-05,0.039383,0.041068,0.053046,-9.848e-06,1.8051e-07,-1.0544e-05,-8.1394e-05,-8.1554e-05,-8.1051e-05,-0.00035455,5.9804e-05,-0.0090253,0.0090253,4.3391e-05,5.6408e-05,8.0583e-05,0.00014102,0.0090253,0.016053,-4162.1,-1040.5,-66594,0,0,0,0,0,0,4.4244e-07,0.1472,0,0,6.1647e-05,0,-0.000101,-0.000101,-0.000101,-0.000101,-0.000101,-0.000101,-0.000101,-0.000101,-0.000101,-4.8212e-05,0.048143,-0.000101,6.1643e-05,-6.1643e-05,-2.9636e-07,-3.8527e-07,-5.5038e-07,-9.6317e-07,-6.1643e-05,-0.00010629,0,0,0
26.825,-0.34374,-0.54038,-0.062142,-0.023561,-0.071938,-0.23046,-0.0032912,-2548.1,0,0,-0.80568,0,0.0087909,3.1083,3.2412,4.1866,-0.00077725,1.4247e-05,-0.00083218,-0.006424,-0.0064366,-0.0063969,-0.0065196,-0.023812,-0.8055,0.8055,0.0038726,0.0050344,0.007192,0.012586,0.8055,1.3601,-3.2849e+05,-82123,-5.2559e+06,0,0,0,0,0,0,3.4919e-05,11.618,0,0,0.0048655,0,-0.007971,-0.007971,-0.007971,-0.007971,-0.007971,-0.007971,-0.007971,-0.007971,-0.007971,-0.0038051,-0.0040666,0.040224,0.0048651,-0.0048651,-2.339e-05,-3.0407e-05,-4.3438e-05,-7.6017e-05,-0.0048651,-0.0083887,0,0,0
0.13398,-0.0026978,-0.0042412,-0.00048772,-0.00018492,-0.00056461,-0.0018088,-2.5638e-05,-19.703,0,0,-0.0062765,0,3.9485e-05,0.024395,0.025439,0.032859,-6.1003e-06,1.1182e-07,-6.5314e-06,-5.0419e-05,-5.0518e-05,-4.9556e-05,-5.022e-05,3.7045e-05,-0.085353,0.0062751,3.0169e-05,3.9219e-05,5.6028e-05,9.8049e-05,0.0062751,0.010596,1202.9,300.74,19247,0,0,0,0,0,0,-1.2788e-07,-0.042545,0,0,-1.7817e-05,0,-6.256e-05,-6.256e-05,-6.256e-05,-6.256e-05,-6.256e-05,-6.256e-05,-6.256e-05,-6.256e-05,-6.256e-05,-7.7816e-05,-7.6858e-05,-6.256e-05,-1.7816e-05,1.7816e-05,8.5654e-08,1.1135e-07,1.5907e-07,2.7838e-07,1.7816e-05,3.072e-05,0,0,0
0.11376,-0.0022906,-0.003601,-0.0004141,-0.00015701,-0.00047938,-0.0015358,-2.1769e-05,-16.729,0,0,-0.0053291,0,3.3525e-05,0.020713,0.021599,0.027899,-5.1795e-06,9.4938e-08,-5.5455e-06,-4.2808e-05,-4.2892e-05,-4.2076e-05,-4.264e-05,3.1453e-05,-0.0053279,-0.07375,2.5615e-05,3.33e-05,4.7571e-05,8.3249e-05,0.0053279,0.0089963,1021.4,255.34,16342,0,0,0,0,0,0,-1.0857e-07,-0.036123,0,0,-1.5128e-05,0,-5.3117e-05,-5.3117e-05,-5.3117e-05,-5.3117e-05,-5.3117e-05,-5.3117e-05,-5.3117e-05,-5.3117e-05,-5.3117e-05,-6.607e-05,-6.5257e-05,-5.3117e-05,-1.5127e-05,1.5127e-05,7.2726e-08,9.4543e-08,1.3506e-07,2.3636e-07,1.5127e-05,2.6083e-05,0,0,0
0,0,0,0,1.3804e+05,0,0,0,0,0,0,9.1691e+05,0,0,0,0,0,0,0,0,0,0,0,0,0,9.1691e+05,-9.1691e+05,-1.4259e+05,-5730.7,-8186.7,-14327,-9.1691e+05,-9.1691e+05,0,0,0,0,0,0,0,0,0,0,0,0,0,0,0,0,0,0,0,0,0,0,0,0,0,0,0,0,0,0,0,0,0,0,0,0,0,0
0,0,0,0,0,1.5136e+05,0,0,0,0,0,1.5102e+06,0,0,0,0,0,0,0,0,0,0,0,0,0,1.5102e+06,-1.5102e+06,-7260.6,-1.6094e+05,-13484,-23597,-1.5102e+06,-1.5102e+06,0,0,0,0,0,0,0,0,0,0,0,0,0,0,0,0,0,0,0,0,0,0,0,0,0,0,0,0,0,0,0,0,0,0,0,0,0,0
0,0,0,0,0,0,1.3183e+05,0,0,0,0,7.4005e+05,0,0,0,0,0,0,0,0,0,0,0,0,0,7.4005e+05,-7.4005e+05,-3557.9,-4625.3,-1.3858e+05,-11563,-7.4005e+05,-7.4005e+05,0,0,0,0,0,0,0,0,0,0,0,0,0,0,0,0,0,0,0,0,0,0,0,0,0,0,0,0,0,0,0,0,0,0,0,0,0,0
0,0,0,0,0,0,0,1.7378e+05,0,0,0,3.4109e+07,0,0,0,0,0,0,0,0,0,0,0,0,0,3.4109e+07,-3.4109e+07,-1.6399e+05,-2.1318e+05,-3.0455e+05,-7.0688e+05,-3.4109e+07,-3.4109e+07,0,0,0,0,0,0,0,0,0,0,0,0,0,0,0,0,0,0,0,0,0,0,0,0,0,0,0,0,0,0,0,0,0,0,0,0,0,0
0,0,0,0,0,0,0,0,0,0,4937.1,8.4173e+06,0,0,0,0,0,0,0,0,0,0,0,0,0,8.4173e+06,-8.4173e+06,-40468,-52608,-75155,-1.3152e+05,-8.4224e+06,-8.4173e+06,0,0,0,0,0,0,0,0,0,0,0,0,0,0,0,0,0,0,0,0,0,0,0,0,0,0,0,0,0,0,0,0,0,0,0,0,0,0
0,0,0,0,0,0,0,0,0,0,0,6.2112e+05,0,0,0,0,0,0,0,0,0,0,0,0,0,6.211e+05,-6.211e+05,-2986.1,-3881.9,-5545.6,-9704.8,-6.211e+05,-6.2126e+05,0,0,0,0,0,0,0,0,0,0,0,0,0,0,0,0,0,0,0,0,0,0,0,0,0,0,0,0,0,0,0,0,0,0,0,0,0,0
2.3287e-06,0,0,0,0,0,0,0,0.35198,0,0,0,0,0,0,0,0,0,0,0,0,0,0,0,0,0,0,0,0,0,0,0,0,-1.077,-0.26749,-17.12,0,0,0,0,0,0,0,0,0,0,0,0,0,0,0,0,0,0,0,0,0,0,0,0,0,0,0,0,0,0,0,0,0,0,0
0.38896,0,0,0,0,0,0,0,0,0.35198,0,0,0,0,0,0,0,0,0,0,0,0,0,0,0,0,0,0,0,0,0,0,0,-1.7339e+05,-43349,-2.7743e+06,0,0,0,0,0,0,0,0,0,0,0,0,0,0,0,0,0,0,0,0,0,0,0,0,0,0,0,0,0,0,0,0,0,0,0
0.00042766,0,0,0,0,0,0,0,0,0,0.35198,0,0,0,0,0,0,0,0,0,0,0,0,0,0,0,0,0,0,0,0,-0.35198,0,-282.3,-70.575,-4517.1,0,0,0,0,0,0,0,0,0,0,0,0,0,0,0,0,0,0,0,0,0,0,0,0,0,0,0,0,0,0,0,0,0,0,0
0.030668,0.047595,0.0001492,1.7157e-05,6.5051e-06,1.9862e-05,6.3631e-05,9.0192e-07,0.69312,0,0,0.0002208,0,-1.389e-06,-0.00085819,-0.0008949,-0.0011559,2.146e-07,-3.9335e-09,2.2976e-07,1.7736e-06,1.7771e-06,1.7433e-06,1.7667e-06,-1.3032e-06,0.00022075,-0.00022075,-1.0613e-06,-1.3797e-06,-1.971e-06,-3.4492e-06,-0.00022075,-0.00037274,-42.318,-10.579,-677.08,-0.11227,0,0,0,0,0,4.4984e-09,0.0014967,0,0,-0.00018331,0,2.2008e-06,18.765,2.2008e-06,1.2643,-0.18489,2.2008e-06,2.2008e-06,2.2008e-06,2.2008e-06,2.7374e-06,2.7038e-06,2.2008e-06,-0.00018062,0.00018062,8.6836e-07,1.1289e-06,1.6127e-06,2.8222e-06,0.00018062,0.00018017,0,0,0
0.021012,3.451e-05,0.047555,6.2389e-06,2.3654e-06,7.2223e-06,2.3138e-05,3.2796e-07,0.25204,0,0,8.0288e-05,0,-5.0509e-07,-0.00031206,-0.00032541,-0.00042032,7.8034e-08,-1.4303e-09,8.3549e-08,6.4495e-07,6.4621e-07,6.3392e-07,6.4241e-07,-4.7387e-07,8.027e-05,-8.027e-05,-3.8591e-07,-5.0169e-07,-7.167e-07,-1.2542e-06,-8.027e-05,-0.00013554,-15.388,-3.847,-246.21,0,-0.18701,0,0,0,0,1.6358e-09,0.00054423,0,0,-0.00014349,0,8.0026e-07,8.0026e-07,19.569,8.0026e-07,8.0026e-07,-0.18721,8.0026e-07,8.0026e-07,8.0026e-07,9.9541e-07,9.8316e-07,8.0026e-07,-0.00014138,0.00014138,6.7973e-07,8.8365e-07,1.2624e-06,2.2091e-06,0.00014138,0.00014122,0,0,0
0.060049,0.0006842,0.0010756,0.047624,4.6897e-05,0.00014319,0.00045874,6.5022e-06,4.9969,0,0,0.0015918,0,-1.0014e-05,-0.006187,-0.0064516,-0.0083334,1.5471e-06,-2.8358e-08,1.6564e-06,1.2787e-05,1.2812e-05,1.2568e-05,1.2737e-05,-9.3951e-06,0.0015914,-0.0015914,-7.6512e-06,-9.9465e-06,-1.4209e-05,-2.4866e-05,-0.0015914,-0.0026872,-305.08,-76.27,-4881.3,0,0,-0.064682,0,0,0,3.2431e-08,78.822,0,0,-7.9328e-05,0,1.5866e-05,1.5866e-05,1.5866e-05,24.021,1.5866e-05,1.5866e-05,-0.30824,1.5866e-05,1.5866e-05,1.9735e-05,1.9492e-05,1.5866e-05,-7.3928e-05,7.3928e-05,3.5543e-07,4.6205e-07,6.6008e-07,1.1551e-06,7.3928e-05,7.0656e-05,0,0,0
0.027794,0.00020526,0.00032269,3.7108e-05,0.047514,4.2957e-05,0.00013762,1.9507e-06,1.4991,0,0,0.00047754,0,-3.0042e-06,-0.0018561,-0.0019355,-0.0025,4.6413e-07,-8.5074e-09,4.9694e-07,3.8361e-06,3.8436e-06,3.7704e-06,3.821e-06,-2.8185e-06,0.00047744,-0.00047744,-2.2954e-06,-2.984e-06,-4.2628e-06,-7.4599e-06,-0.00047744,-0.00080616,-91.525,-22.881,-1464.4,0,0.029902,0,-0.08161,0.0088064,0,9.7292e-09,14.313,0,0,2.1564e-06,0,4.7598e-06,4.7598e-06,4.7598e-06,4.7598e-06,4.7598e-06,0.04013,4.7598e-06,-0.1738,4.7598e-06,5.9205e-06,5.8477e-06,4.7598e-06,3.6378e-06,-3.6378e-06,-1.7489e-08,-2.2736e-08,-3.248e-08,-5.6841e-08,-3.6378e-06,-4.6196e-06,0,0,0
0.068424,0.000299,0.00047005,5.4054e-05,2.0494e-05,0.047563,0.00020047,2.8415e-06,2.1837,0,0,0.00069562,0,-4.3761e-06,-0.0027037,-0.0028194,-0.0036417,6.7609e-07,-1.2392e-08,7.2387e-07,5.5879e-06,5.5988e-06,5.4923e-06,5.5659e-06,-4.1057e-06,0.00069546,-0.00069546,-3.3436e-06,-4.3467e-06,-6.2095e-06,-1.0867e-05,-0.00069546,-0.0011743,-133.32,-33.33,-2133.1,0.0075274,0.033802,0,0.018546,-0.090769,0,1.4172e-08,30.141,0,0,-5.0126e-06,0,6.9335e-06,6.9335e-06,6.9335e-06,6.9335e-06,0.021495,0.045366,6.9335e-06,-0.36602,6.9335e-06,8.6243e-06,8.5182e-06,6.9335e-06,-1.7657e-06,1.7657e-06,8.4891e-09,1.1036e-08,1.5766e-08,2.759e-08,1.7657e-06,3.3565e-07,0,0,0
0.046585,0.00012404,0.000195,2.2424e-05,8.5019e-06,2.5959e-05,0.047584,1.1788e-06,0.90587,0,0,0.00028857,0,-1.8154e-06,-0.0011216,-0.0011696,-0.0015107,2.8047e-07,-5.1409e-09,3.0029e-07,2.3181e-06,2.3226e-06,2.2784e-06,2.309e-06,-1.7032e-06,0.00028851,-0.00028851,-1.3871e-06,-1.8032e-06,-2.576e-06,-4.508e-06,-0.00028851,-0.00048715,-55.307,-13.827,-884.92,0.015634,0.0065004,0,0.016839,-0.0043479,-0.11526,5.8793e-09,70.321,0,0,8.3756e-06,0,2.8763e-06,2.8763e-06,2.8763e-06,2.8763e-06,0.044632,0.0087258,2.8763e-06,0.085812,-0.32858,3.5777e-06,3.5337e-06,2.8763e-06,1.0432e-05,-1.0432e-05,-5.0153e-08,-6.5199e-08,-9.3142e-08,-1.63e-07,-1.0432e-05,-1.1025e-05,0,0,0
1.0246,0.0076498,0.012026,0.001383,0.00052435,0.001601,0.005129,0.047573,55.869,0,0,0.017797,0,-0.00011196,-0.069174,-0.072134,-0.093173,1.7298e-05,-3.1706e-07,1.852e-05,0.00014296,0.00014325,0.00014052,0.0001424,-0.00010504,0.017793,-0.017793,-8.5545e-05,-0.00011121,-0.00015887,-0.00027802,-0.017793,-0.030044,-3411,-852.75,-54576,0.02374,0.052003,0.010947,-0.003899,0.029149,0.033988,-0.054243,-115.02,0,0,-0.93854,0,0.00017739,0.00017739,0.00017739,0.00017739,0.067947,0.069961,0.19662,0.31716,0.16499,-0.80369,0.00021794,0.00017739,-0.93848,0.93848,0.0045119,0.0058655,0.0083793,0.014664,0.93848,1.6184,0,0,0
1.618e-06,4.6026e-09,7.2358e-09,8.3208e-10,3.1548e-10,9.6325e-10,3.0859e-09,4.3741e-11,0.047534,0,0,1.0708e-08,0,-6.7364e-11,-4.162e-08,-4.34e-08,-5.6059e-08,1.0407e-11,-1.9076e-13,1.1143e-11,8.6017e-11,8.6186e-11,8.4546e-11,8.5679e-11,-6.3201e-11,1.0706e-08,-1.0706e-08,-5.147e-11,-6.6911e-11,-9.5586e-11,-1.6728e-10,-1.0706e-08,-1.8077e-08,-0.0020523,-0.00051307,-0.032837,0.011002,0.0078004,0.0046915,0.001286,0.0067035,0.02564,2.1816e-13,-2448.5,0,0,3.0358e-05,0,1.0673e-10,1.0673e-10,1.0673e-10,1.0673e-10,0.031405,0.010468,0.084191,0.090767,0.12433,1.3276e-10,-0.73603,1.0673e-10,3.0358e-05,-3.0358e-05,-1.4595e-07,-1.8974e-07,-2.7105e-07,-4.7434e-07,-3.0358e-05,-3.0358e-05,3.7841,0,0
-0.066748,0.0019713,0.003099,0.00035638,0.00013512,0.00041256,0.0013217,1.8734e-05,14.397,0.0475,0,0.0045862,0,-2.8852e-05,-0.017826,-0.018588,-0.02401,4.4574e-06,-8.1703e-08,4.7725e-06,3.6841e-05,3.6913e-05,3.6211e-05,3.6696e-05,-2.7069e-05,0.0045852,-0.0045852,-2.2044e-05,-2.8658e-05,-4.0939e-05,-7.1644e-05,-0.0045852,-0.0077422,-878.99,-219.75,-14064,0,0,0,0,0,0,0.0062339,2074.1,-200.05,0,0.8686,0,4.5713e-05,4.5713e-05,4.5713e-05,4.5713e-05,4.5713e-05,4.5713e-05,4.5713e-05,4.5713e-05,4.5713e-05,0.74375,0.69708,4.5713e-05,0.86854,-0.86854,-0.0041757,-0.0054284,-0.0077548,-0.013571,-0.86854,-1.4976,0,5.9539,0
-0.15389,0.0026557,0.0041749,0.0004801,0.00018203,0.00055578,0.0017805,2.5238e-05,19.395,0,0.0475,0.0061784,0,-3.8868e-05,-0.024014,-0.025041,-0.032345,6.0049e-06,-1.1007e-07,6.4294e-06,4.9631e-05,4.9728e-05,4.8782e-05,4.9436e-05,-3.6466e-05,0.0061771,-0.0061771,-2.9697e-05,-3.8607e-05,-5.5152e-05,-9.6516e-05,-0.0061771,-0.01043,-1184.1,-296.04,-18946,0.00046213,0.00052328,-1.8059e-05,-1.6102e-05,-1.8023e-05,0.00049762,9.7997e-05,-36.403,0,-200.05,0.013654,0,6.1583e-05,6.1583e-05,6.1583e-05,-0.0044897,0.0015156,0.00089863,-0.00012765,-0.00015112,0.0026095,0.011887,-0.011884,6.1583e-05,0.013653,-0.013653,-6.5642e-05,-8.5334e-05,-0.00012191,-0.00021334,199.99,-0.023542,0,0,139.11
-0.1317,0.0026492,0.0041648,0.00047894,0.00018159,0.00055444,0.0017762,2.5177e-05,19.348,0,0,0.053664,0,-3.8774e-05,-0.023956,-0.024981,-0.032267,5.9904e-06,-1.098e-07,6.4138e-06,4.951e-05,4.9608e-05,4.8664e-05,4.9316e-05,-3.6378e-05,0.0061621,-0.0061621,-2.9625e-05,-3.8513e-05,-5.5019e-05,-9.6282e-05,-0.0061621,-0.010405,-1181.3,-295.32,-18900,-3.9231e-05,0.00092227,-8.7948e-06,-7.6195e-06,-1.6874e-05,-4.6464e-05,-2.7585e-06,-0.50634,0,0,-0.047888,0,6.1434e-05,6.1434e-05,6.1434e-05,6.1434e-05,6.8163e-05,0.0014178,2.2327e-05,-8.4206e-05,-4.5159e-05,-0.00014894,-2.8718e-05,6.1434e-05,-0.00038362,0.00038362,1.8443e-06,2.3976e-06,3.4251e-06,5.994e-06,0.00038362,0.00066197,0,0,0
-0.70199,0.013788,0.021676,0.0024927,0.00094508,0.0028856,0.0092445,0.00013103,100.7,0,0,0.032078,0.0475,-0.0002018,-0.12468,-0.13001,-0.16794,3.1177e-05,-5.7147e-07,3.3381e-05,0.00025768,0.00025819,0.00025327,0.00025667,-0.00018933,0.032071,-0.032071,-0.00015419,-0.00020044,-0.00028635,-0.00050111,-0.032071,-0.054152,-6148,-1537,-98369,0,0,0,0,0,0,6.5355e-07,0.21744,0,0,9.1062e-05,-0.047505,0.0021997,0.00031974,0.00031974,0.00031974,0.00031974,0.00031974,0.00031974,0.00031974,0.00031974,0.0003977,0.00039281,0.00031974,9.1055e-05,-9.1055e-05,-4.3776e-07,-5.6909e-07,-8.1299e-07,-1.4227e-06,-9.1055e-05,-0.000157,0,0,0
-0.00052499,0.00074066,0.0011644,0.0001339,5.0768e-05,0.00015501,0.00049659,1.6953e-05,20.642,0,0,0.0041378,0,0.00016568,-0.0066975,-0.006984,-0.0090211,1.6748e-06,-3.0698e-08,1.7931e-06,1.3842e-05,1.3869e-05,4.7092e-05,6.2655e-05,-1.017e-05,0.0041372,-0.0041372,-1.9891e-05,-2.5858e-05,-3.694e-05,-6.4644e-05,-0.0041372,-0.006994,1.9439e+05,48597,3.1102e+06,0,0,0,0,0,0,-2.0664e-05,-6.8751,0,0,-0.0028792,0,-0.049261,1.7175e-05,1.7175e-05,1.7175e-05,0.039217,0.039217,0.039217,0.039217,0.039217,0.036752,0.036907,1.7175e-05,-0.002879,0.002879,1.3841e-05,1.7994e-05,2.5705e-05,4.4984e-05,0.002879,0.0049641,0,0,0
0.00026102,1.4951e-07,2.3504e-07,2.7029e-08,1.0248e-08,3.129e-08,1.0024e-07,1.2401e-08,0.017963,0,0,3.0223e-06,0,-2.1882e-09,0.00017517,-1.4098e-06,-1.821e-06,3.3807e-10,-6.1967e-12,3.6196e-10,2.7941e-09,2.7996e-09,3.9835e-08,5.6907e-08,-2.053e-09,3.022e-06,-3.022e-06,-1.4529e-08,-1.8887e-08,-2.6982e-08,-4.7218e-08,-3.022e-06,-5.1117e-06,215.6,53.9,3449.6,0,0,0,0,0,0,-2.2919e-08,-0.0076252,0,0,-3.1934e-06,0,0.00376,-18.795,3.467e-09,3.467e-09,3.467e-09,3.467e-09,3.467e-09,3.467e-09,3.467e-09,-2.7307e-06,-2.5591e-06,3.467e-09,-3.1931e-06,3.1931e-06,1.5352e-08,1.9957e-08,2.851e-08,4.9893e-08,3.1931e-06,5.5058e-06,0,0,0
0.00014885,1.4291e-07,2.2467e-07,2.5837e-08,9.7959e-09,2.9909e-08,9.582e-08,8.3928e-09,0.011853,0,0,2.0459e-06,0,-2.0917e-09,-1.2923e-06,0.00017518,-1.7407e-06,3.2316e-10,-5.9233e-12,3.46e-10,2.6709e-09,2.6761e-09,2.6387e-08,3.7336e-08,-1.9624e-09,2.0457e-06,-2.0457e-06,-9.8351e-09,-1.2786e-08,-1.8265e-08,-3.1964e-08,-2.0457e-06,-3.46e-06,138.11,34.527,2209.7,0,0,0,0,0,0,-1.4681e-08,-0.0048845,0,0,-2.0456e-06,0,0.00376,3.3141e-09,-19.599,3.3141e-09,3.3141e-09,3.3141e-09,3.3141e-09,3.3141e-09,3.3141e-09,-1.7481e-06,-1.6382e-06,3.3141e-09,-2.0454e-06,2.0454e-06,9.8337e-09,1.2784e-08,1.8263e-08,3.196e-08,2.0454e-06,3.5268e-06,0,0,0
0.00017264,1.6575e-07,2.6058e-07,2.9965e-08,1.1361e-08,3.4689e-08,1.1113e-07,9.7342e-09,0.013747,0,0,2.3729e-06,0,-2.4259e-09,-1.4988e-06,-1.5629e-06,0.00017451,3.7479e-10,-6.8698e-12,4.0128e-10,3.0977e-09,3.1038e-09,3.0604e-08,4.3303e-08,-2.276e-09,2.3726e-06,-2.3726e-06,-1.1407e-08,-1.4829e-08,-2.1184e-08,-3.7073e-08,-2.3726e-06,-4.013e-06,160.18,40.045,2562.9,0,0,0,0,0,0,-1.7027e-08,-0.0056652,0,0,-2.3725e-06,0,0.00564,3.8437e-09,3.8437e-09,-25.315,3.8437e-09,3.8437e-09,3.8437e-09,3.8437e-09,3.8437e-09,-2.0275e-06,-1.9e-06,3.8437e-09,-2.3723e-06,2.3723e-06,1.1406e-08,1.4827e-08,2.1182e-08,3.7068e-08,2.3723e-06,4.0905e-06,0,0,0
0.0081521,3.3453e-05,5.2591e-05,6.0477e-06,2.293e-06,7.001e-06,2.2429e-05,1.0468e-06,1.3643,0,0,0.00025537,0,-4.8961e-07,-0.0003025,-0.00031544,-0.00040744,0.0001766,-1.3865e-09,8.0989e-08,6.2519e-07,6.2641e-07,3.0766e-06,4.2156e-06,-4.5935e-07,0.00025533,-0.00025533,-1.2276e-06,-1.5958e-06,-2.2798e-06,-3.9896e-06,-0.00025533,-0.00043174,14302,3575.4,2.2883e+05,0.0068655,0,0,0,0,0,-1.5203e-06,-0.50582,0,0,-0.00019233,0,7.7574e-07,7.7574e-07,7.7574e-07,7.7574e-07,-0.050079,7.7574e-07,7.7574e-07,7.7574e-07,7.7574e-07,-0.00018059,-0.00016921,7.7574e-07,-0.0001926,0.0001926,9.2597e-07,1.2038e-06,1.7197e-06,3.0094e-06,0.0001926,0.00034601,0,0,0
0.008528,2.5814e-05,4.0582e-05,4.6667e-06,1.7694e-06,5.4024e-06,1.7307e-05,8.8471e-07,1.171,0,0,0.00021579,0,-3.7781e-07,-0.00023342,-0.00024341,-0.0003144,5.8369e-08,0.00017652,6.2495e-08,4.8242e-07,4.8337e-07,2.6339e-06,3.6322e-06,-3.5446e-07,0.00021577,-0.00021577,-1.0373e-06,-1.3485e-06,-1.9265e-06,-3.3713e-06,-0.00021577,-0.00036485,12547,3136.8,2.0075e+05,0,0.0095005,0,0,0,0,-1.3338e-06,-0.44376,0,0,-0.00017605,0,5.986e-07,5.986e-07,5.986e-07,5.986e-07,5.986e-07,-0.056929,5.986e-07,5.986e-07,5.986e-07,-0.00015852,-0.00014853,5.986e-07,-0.00017618,0.00017618,8.4704e-07,1.1011e-06,1.5731e-06,2.7529e-06,0.00017618,0.00031077,0,0,0
0.0057238,4.026e-05,6.3292e-05,7.2783e-06,2.7595e-06,8.4256e-06,2.6993e-05,1.1193e-06,1.426,0,0,0.0002731,0,-5.8924e-07,-0.00036405,-0.00037963,-0.00049035,9.1034e-08,-1.6686e-09,0.00017662,7.524e-07,7.5388e-07,3.2279e-06,4.3807e-06,-5.5282e-07,0.00027306,-0.00027306,-1.3128e-06,-1.7066e-06,-2.438e-06,-4.2666e-06,-0.00027306,-0.00046168,14451,3612.8,2.3122e+05,0,0,0.0015391,0,0,0,-1.5362e-06,-7.5726,0,0,-0.00020653,0,9.3359e-07,9.3359e-07,9.3359e-07,9.3359e-07,9.3359e-07,9.3359e-07,-0.042057,9.3359e-07,9.3359e-07,-0.00018234,-0.00017083,9.3359e-07,-0.000207,0.000207,9.952e-07,1.2938e-06,1.8482e-06,3.2344e-06,0.000207,0.00036202,0,0,0
-0.0023951,2.5551e-05,4.0168e-05,4.6191e-06,1.7513e-06,5.3473e-06,1.7131e-05,5.0308e-07,0.58651,0,0,0.00012283,0,-3.7396e-07,-0.00023104,-0.00024093,-0.0003112,5.7775e-08,-1.059e-09,6.1858e-08,0.000177,4.7845e-07,1.3484e-06,1.7585e-06,-3.5085e-07,0.00012282,-0.00012282,-5.9046e-07,-7.676e-07,-1.0966e-06,-1.919e-06,-0.00012282,-0.00020759,5100.5,1275.1,81608,0,0,0,0.0013334,0.002953,0,-5.4219e-07,-3.9894,0,0,-6.756e-05,0,5.925e-07,5.925e-07,5.925e-07,5.925e-07,5.925e-07,5.925e-07,5.925e-07,-0.023414,5.925e-07,-6.4091e-05,-6.0031e-05,5.925e-07,-6.8068e-05,6.8068e-05,3.2725e-07,4.2543e-07,6.0775e-07,1.0636e-06,6.8068e-05,0.00012278,0,0,0
-0.00019103,2.6285e-05,4.1322e-05,4.7519e-06,1.8017e-06,5.5009e-06,1.7623e-05,5.9569e-07,0.72345,0,0,0.0001454,0,-3.8471e-07,-0.00023768,-0.00024785,-0.00032014,5.9435e-08,-1.0894e-09,6.3636e-08,4.9123e-07,0.00017702,1.6512e-06,2.1943e-06,-3.6093e-07,0.00014538,-0.00014538,-6.9894e-07,-9.0863e-07,-1.298e-06,-2.2716e-06,-0.00014538,-0.00024576,6782.1,1695.5,1.0851e+05,0,0,0,0,0,0.0081312,-7.2095e-07,-9.526,0,0,-9.3451e-05,0,6.0953e-07,6.0953e-07,6.0953e-07,6.0953e-07,6.0953e-07,6.0953e-07,6.0953e-07,6.0953e-07,-0.030248,-8.54e-05,-8.0002e-05,6.0953e-07,-9.3895e-05,9.3895e-05,4.5142e-07,5.8684e-07,8.3835e-07,1.4671e-06,9.3895e-05,0.00016664,0,0,0
-0.049691,0.00018476,0.00029046,3.3401e-05,1.2664e-05,3.8666e-05,0.00012387,2.5246e-06,2.5306,0,0,0.0006171,0,-2.7041e-06,-0.0016707,-0.0017422,-0.0022503,4.1777e-07,-7.6576e-09,4.473e-07,3.4529e-06,3.4597e-06,0.00018251,7.2289e-06,-2.537e-06,0.00061699,-0.00061699,-2.9663e-06,-3.8562e-06,-5.5088e-06,-9.6404e-06,-0.00061699,-0.0010424,15018,3754.5,2.4029e+05,0,0,0,0,0,0,0.00050312,-0.53115,0,0,0.070097,0,4.2844e-06,4.2844e-06,4.2844e-06,4.2844e-06,4.2844e-06,4.2844e-06,4.2844e-06,4.2844e-06,4.2844e-06,-0.0096515,-0.00017422,4.2844e-06,0.070092,-0.070092,-0.00033698,-0.00043808,-0.00062582,-0.0010952,-0.070092,-0.12086,0,0,0
-2.7302e-05,1.399e-05,2.1994e-05,2.5292e-06,9.5893e-07,2.9279e-06,9.38e-06,3.1961e-07,0.38899,0,0,7.8013e-05,0,-2.0476e-07,-0.00012651,-0.00013192,-0.0001704,3.1634e-08,-5.7984e-10,3.387e-08,2.6146e-07,2.6197e-07,8.8748e-07,0.0001777,-1.9211e-07,7.8002e-05,-7.8002e-05,-3.7501e-07,-4.8751e-07,-6.9644e-07,-1.2188e-06,-7.8002e-05,-0.00013186,3660,915.01,58560,0,0,0,0,0,0,-3.8907e-07,115.95,0,0,-5.0523e-05,0,3.2442e-07,3.2442e-07,3.2442e-07,3.2442e-07,3.2442e-07,3.2442e-07,3.2442e-07,3.2442e-07,3.2442e-07,-4.6091e-05,-0.030712,3.2442e-07,-5.0757e-05,5.0757e-05,2.4402e-07,3.1723e-07,4.5319e-07,7.9308e-07,5.0757e-05,9.0017e-05,0,0,0
-0.040508,0.0012025,0.0018905,0.0002174,8.2425e-05,0.00025166,0.00080625,2.616e-05,31.419,0,0,0.0063859,0,-1.76e-05,-0.010874,-0.011339,-0.014646,2.7191e-06,-4.984e-08,2.9113e-06,2.2473e-05,2.2518e-05,7.185e-05,9.5003e-05,0.00016001,0.006385,-0.006385,-3.0697e-05,-3.9906e-05,-5.7009e-05,-9.9766e-05,-0.006385,-0.010793,2.8882e+05,72205,4.6211e+06,0,0,0,0,0,0,-3.0702e-05,-10.215,0,0,-0.0042779,0,0.0037879,2.7885e-05,2.7885e-05,2.7885e-05,2.7885e-05,2.7885e-05,2.7885e-05,2.7885e-05,2.7885e-05,-0.0036349,-0.003405,-0.03045,-0.0042776,0.0042776,2.0565e-05,2.6735e-05,3.8193e-05,6.6837e-05,0.0042776,0.0073757,0,0,0
-0.080666,0.0016204,0.0025474,0.00029294,0.00011107,0.00033911,0.0010864,1.5399e-05,11.834,0,0,0.0037698,0,-2.3716e-05,-0.014652,-0.015279,-0.019736,3.6639e-06,-6.7159e-08,3.9229e-06,3.0283e-05,3.0342e-05,2.9765e-05,3.0163e-05,-2.225e-05,0.051269,-0.003769,-1.812e-05,-2.3556e-05,-3.3651e-05,-5.889e-05,-0.003769,-0.006364,-722.51,-180.63,-11560,0,0,0,0,0,0,7.6804e-08,0.025554,0,0,1.0702e-05,0,3.7575e-05,3.7575e-05,3.7575e-05,3.7575e-05,3.7575e-05,3.7575e-05,3.7575e-05,3.7575e-05,3.7575e-05,4.6738e-05,4.6163e-05,3.7575e-05,-0.047494,-1.0701e-05,-5.1446e-08,-6.688e-08,-9.5542e-08,-1.672e-07,-1.0701e-05,-1.8451e-05,0,0,0
-0.06849,0.0013758,0.0021629,0.00024872,9.4301e-05,0.00028793,0.00092242,1.3075e-05,10.048,0,0,0.0032008,0,-2.0136e-05,-0.012441,-0.012973,-0.016757,3.1109e-06,-5.7022e-08,3.3308e-06,2.5712e-05,2.5762e-05,2.5272e-05,2.561e-05,-1.8892e-05,0.0032001,0.0443,-1.5385e-05,-2e-05,-2.8572e-05,-5.0001e-05,-0.0032001,-0.0054034,-613.46,-153.36,-9815.3,0,0,0,0,0,0,6.5211e-08,0.021696,0,0,9.0862e-06,0,3.1903e-05,3.1903e-05,3.1903e-05,3.1903e-05,3.1903e-05,3.1903e-05,3.1903e-05,3.1903e-05,3.1903e-05,3.9683e-05,3.9195e-05,3.1903e-05,9.0855e-06,-0.047514,-4.368e-08,-5.6785e-08,-8.1121e-08,-1.4196e-07,-9.0855e-06,-1.5666e-05,0,0,0
0,0,0,0,0,0,0,0,0,0,0,0,0,0,0,0,0,0,0,0,0,0,0,0,0,0,0,0,0,0,0,0,0,0,0,0,0,0,0,1.3804e+05,0,0,0,0,0,0,6.6065e+05,0,0,0,0,0,0,0,0,0,0,0,0,0,6.6065e+05,-6.6065e+05,-1.4136e+05,-4129,-5898.6,-10323,-6.6065e+05,-6.6065e+05,0,0,0
0,0,0,0,0,0,0,0,0,0,0,0,0,0,0,0,0,0,0,0,0,0,0,0,0,0,0,0,0,0,0,0,0,0,0,0,0,0,0,0,1.5136e+05,0,0,0,0,0,9.6243e+05,0,0,0,0,0,0,0,0,0,0,0,0,0,9.6243e+05,-9.6243e+05,-4627.1,-1.5752e+05,-8593.1,-15038,-9.6243e+05,-9.6243e+05,0,0,0
0,0,0,0,0,0,0,0,0,0,0,0,0,0,0,0,0,0,0,0,0,0,0,0,0,0,0,0,0,0,0,0,0,0,0,0,0,0,0,0,0,1.3183e+05,0,0,0,0,3.992e+05,0,0,0,0,0,0,0,0,0,0,0,0,0,3.992e+05,-3.992e+05,-1919.2,-2495,-1.3553e+05,-6237.5,-3.992e+05,-3.992e+05,0,0,0
0,0,0,0,0,0,0,0,0,0,0,0,0,0,0,0,0,0,0,0,0,0,0,0,0,0,0,0,0,0,0,0,0,0,0,0,0,0,0,0,0,0,1.7378e+05,0,0,0,2.4627e+07,0,0,0,0,0,0,0,0,0,0,0,0,0,2.4627e+07,-2.4627e+07,-1.184e+05,-1.5392e+05,-2.1988e+05,-5.5872e+05,-2.4627e+07,-2.4627e+07,0,0,0
0,0,0,0,0,0,0,0,0,0,0,0,0,0,0,0,0,0,0,0,0,0,0,0,0,0,0,0,0,0,0,0,0,0,0,0,0,0,0,0,0,0,0,0,0,4937.1,8.3142e+06,0,0,0,0,0,0,0,0,0,0,0,0,0,8.3142e+06,-8.3142e+06,-39972,-51964,-74234,-1.2991e+05,-8.3192e+06,-8.3142e+06,0,0,0
0,0,0,0,0,0,0,0,0,0,0,0,0,0,0,0,0,0,0,0,0,0,0,0,0,0,0,0,0,0,0,0,0,0,0,0,0,0,0,0,0,0,0,0,0,0,6.1178e+05,0,0,0,0,0,0,0,0,0,0,0,0,0,6.1177e+05,-6.1177e+05,-2941.2,-3823.6,-5462.3,-9559,-6.1177e+05,-6.1193e+05,0,0,0
-4.7866e-05,0,0,0,0,0,0,0,0,0,0,0,0,0,0,0,0,0,0,0,0,0,0,0,0,0,0,0,0,0,0,0,0,0,0,0,0,0,0,0,0,0,0,1557.8,0,0,0,0,0,0,0,0,0,0,0,0,0,0,0,0,0,0,0,0,0,0,0,0,-1721.9,-423.11,-27079
-13.037,0,0,0,0,0,0,0,0,0,0,0,0,0,0,0,0,0,0,0,0,0,0,0,0,0,0,0,0,0,0,0,0,0,0,0,0,0,0,0,0,0,0,0,1557.8,0,0,0,0,0,0,0,0,0,0,0,0,0,0,0,0,0,0,0,0,0,0,0,-4.608e+08,-1.152e+08,-7.3728e+09
-0.021172,0,0,0,0,0,0,0,0,0,0,0,0,0,0,0,0,0,0,0,0,0,0,0,0,0,0,0,0,0,0,0,0,0,0,0,0,0,0,0,0,0,0,0,0,1557.8,0,0,0,0,0,0,0,0,0,0,0,0,0,0,0,0,0,0,0,0,-1557.8,0,-7.5229e+05,-1.8807e+05,-1.2038e+07
