-0.0085453984735914,7.76115085278344e-05,0.000122594829808977,1.32362255329216e-05,4.98399145785483e-06,1.56623069570335e-05,4.91731442453536e-05,7.20859099428599e-08,0.452468226724919,0,0,0.000135619322777529,0,-1.46134305024648e-06,-0.000554052881126421,-0.000577740302039118,-0.000754843882273982,-1.86888855130116e-07,-3.60701021620281e-07,-1.83682434248717e-07,1.14059002911183e-06,1.14536681279582e-06,9.16400027889817e-07,1.08385872498327e-06,-1.40594344464103e-06,0.000135572911016759,-0.000135572911016759,-6.5179284194116e-07,-8.47330693525404e-07,-1.21047241941802e-06,-2.11832673463685e-06,-0.000135572911016759,-0.000250652623650167,-43.1241797294274,-10.7810449323568,-689.986875670838,0,0,0,0,0,0,1.49849883168392e-08,0.00196084385287066,0,0,1.54335326313382e-06,0,1.43594414086217e-06,1.43594414086217e-06,1.43594414086217e-06,1.43594414086217e-06,1.43594414086217e-06,1.43594414086217e-06,1.43594414086217e-06,1.43594414086217e-06,1.43594414086217e-06,1.83321678225328e-06,1.87795876433064e-06,1.43594414086217e-06,1.54307338272222e-06,-1.54307338272222e-06,-7.41862203023367e-09,-9.6442086289682e-09,-1.37774409090255e-08,-2.41105216050347e-08,-1.54307338272222e-06,-3.91265138955518e-06,0,0,0
-9.4468966878315,-24.8984015862913,-0.000831033780902025,-8.97244244853975e-05,-3.37849913545147e-05,-0.000106170106752728,-0.000333330076355834,-4.88648880078554e-07,-3.06714713645868,0,0,-0.130196475391637,0,9.9060086149922e-06,18.7689462892057,0.00391632916601095,1.28427046850594,-0.388986901038794,2.44508462746261e-06,1.24512842879954e-06,-7.73171956622387e-06,-7.76409995789002e-06,-6.21200242443037e-06,-7.34715497863955e-06,9.5304712144467e-06,-0.127966401515149,0.127966401515149,0.000615223084693018,0.00079979000915882,0.0011425571560318,0.0019994750236742,0.127966401515149,0.128746492558497,292.325950325029,73.0814875812573,4677.21520520046,0,0,0,0,0,0,-1.01578765736854e-07,-0.013291975553526,0,0,-1.04619313842846e-05,0,-9.73383698484011e-06,-9.73383698484011e-06,-9.73383698484011e-06,-9.73383698484011e-06,-9.73383698484011e-06,-9.73383698484011e-06,-9.73383698484011e-06,-9.73383698484011e-06,-9.73383698484011e-06,-1.2426829713315e-05,-1.27301222631617e-05,-9.73383698484011e-06,-1.04600341584635e-05,1.04600341584635e-05,5.02886257477123e-08,6.53752134019643e-08,9.33931620739793e-08,1.63438033725992e-07,1.04600341584635e-05,2.65226966151839e-05,0,0,0
-102.631917242195,-0.000253210175459576,-61.2857379607071,-4.31836341437894e-05,-1.62604409509686e-05,-5.1098806967138e-05,-0.000160429048712532,-2.3518272291085e-07,-1.47619291587163,0,0,-0.153688215026282,0,4.76768120061521e-06,0.00180761629177187,19.5713845373048,0.00246270373428748,6.09731220234745e-07,-0.521384672664581,5.99270163500034e-07,-3.72121360449103e-06,-3.73679802306115e-06,-2.98978613165239e-06,-3.53612580314658e-06,4.58693811081021e-06,-0.15104489635117,0.15104489635117,0.00072617738687685,0.000944030601827894,0.00134861514557539,0.00236007650548704,0.15104489635117,0.151420347811662,140.694097086419,35.1735242716048,2251.10555338271,0,0,0,0,0,0,-4.88890319611008e-08,-0.00639731948846408,0,0,-5.0352422980423e-06,0,-4.68481639842707e-06,-4.68481639842707e-06,-4.68481639842707e-06,-4.68481639842707e-06,-4.68481639842707e-06,-4.68481639842707e-06,-4.68481639842707e-06,-4.68481639842707e-06,-4.68481639842707e-06,-5.98093184754059e-06,-6.12690407958597e-06,-4.68481639842707e-06,-5.03432917871925e-06,5.03432917871925e-06,2.42035056601181e-08,3.14645573244333e-08,4.49493676405884e-08,7.86613934174882e-08,5.03432917871925e-06,1.27651576892892e-05,0,0,0
-62.1058019412457,-0.0028844973173621,-0.00455634047596994,-5.15167275192843,-0.000185234255365388,-0.00058210287698586,-0.00182756147061764,-2.67913377531134e-06,36874.9806862211,0,0,-0.0388446370610646,0,5.43120496964697e-05,0.0205918436530936,0.0214722066736551,24.331972943934,6.94588227304406e-06,1.34057583594104e-05,-0.463399506454096,-4.23909925420803e-05,-4.2568525745383e-05,-3.40587816448733e-05,-4.02825256706937e-05,5.22530765263433e-05,-0.0361773755400511,0.0361773755400511,0.000173929690233676,0.000226108597037437,0.000323012281507674,0.000565271492813299,0.0361773755400511,0.0404544103338642,1602.74659135588,400.68664783897,25643.9454616941,0,0,0,0,0,0,-5.56929757203768e-07,-0.0728764192406198,0,0,-5.73600285794594e-05,0,-5.33680777601855e-05,-5.33680777601855e-05,-5.33680777601855e-05,-5.33680777601855e-05,-5.33680777601855e-05,-5.33680777601855e-05,-5.33680777601855e-05,-5.33680777601855e-05,-5.33680777601855e-05,-6.81330512813874e-05,-6.9795924864489e-05,-5.33680777601855e-05,-5.7349626587387e-05,5.7349626587387e-05,2.75719358515727e-07,3.58435165686315e-07,5.1205023708496e-07,8.96087915427922e-07,5.7349626587387e-05,0.000145416996152026,0,0,0
1.7059950723776,-0.000936635841005486,13.1061744142866,-0.000159738207244356,-5.63898542993677,1.29183655524501,-0.000593434275261033,-8.69951482256806e-07,3896.16268714813,0,0,0.0242921344733848,0,1.76358674483727e-05,0.00668645405969972,0.00697232000701419,0.00910965200796187,2.25542323966773e-06,0.111760093184811,2.2167273197477e-06,-0.270396555840461,-1.38225841542307e-05,-1.10593535301817e-05,-1.30802885765551e-05,1.69672906203753e-05,0.0242716815293508,-0.0242716815293508,-0.000116690776675517,-0.000151698009499481,-0.000216711442159306,-0.000379245023896107,-0.0242716815293508,-0.0228828696705219,520.433800536913,130.108450134228,8326.94080859061,0,0,0,0,0,0,-1.80842730682994e-07,-0.0236639728572636,0,0,-1.86255879959538e-05,0,-1.73293468137008e-05,-1.73293468137008e-05,-1.73293468137008e-05,-1.73293468137008e-05,-1.73293468137008e-05,-1.73293468137008e-05,-1.73293468137008e-05,-1.73293468137008e-05,-1.73293468137008e-05,-2.21237362236732e-05,-2.26636940830962e-05,-1.73293468137008e-05,-1.86222103264604e-05,1.86222103264604e-05,8.95298573135932e-08,1.16388814382939e-07,1.66269734959481e-07,2.90972036350943e-07,1.86222103264604e-05,4.72188931040168e-05,0,0,0
-44.9346583293078,2.87530462029325,14.8148789844934,-0.000266563093028868,3.53069171672666,-7.63263477718767,-0.000990293297087915,-1.45173131648262e-06,10653.0763637106,0,0,0.0305117278296675,0,2.94298493540372e-05,0.0111580185247883,0.0116350572522306,0.0152017294894535,0.0451911174638939,0.126339839946833,3.69916315543486e-06,-0.738913468806174,-2.3066433819225e-05,-1.8455293412648e-05,-2.1827728261298e-05,2.83141619410327e-05,0.0311040052961154,-0.0311040052961154,-0.00014953848711858,-0.000194400033025163,-0.000277714332915119,-0.000486000082751804,-0.0311040052961154,-0.0287864258571631,868.473773313808,217.118443328452,13895.5803730209,0,0,0,0,0,0,-3.01781261191341e-07,-0.0394892487339233,0,0,-3.10814452680559e-05,0,-2.89183431222794e-05,-2.89183431222794e-05,-2.89183431222794e-05,-2.89183431222794e-05,-2.89183431222794e-05,-2.89183431222794e-05,-2.89183431222794e-05,-2.89183431222794e-05,-2.89183431222794e-05,-3.69189792403003e-05,-3.78200337819533e-05,-2.89183431222794e-05,-3.10758087829411e-05,3.10758087829411e-05,1.49402926799079e-07,1.94223804630656e-07,2.77462578255244e-07,4.85559512233454e-07,3.10758087829411e-05,7.87965159515771e-05,0,0,0
-78.3949448615308,5.97425123535313,2.84825547004506,-0.00013328692792017,2.71851592720078,-0.638077750473896,-14.0521089838266,-7.25894965956589e-07,35761.9919341971,0,0,-0.0732182119910532,0,1.47155188101311e-05,0.00557923452172847,0.0058177635159612,0.00760117163895334,0.0938525396850145,0.0242983583283412,1.84965625683973e-06,0.133486335744205,-0.722177469658175,-9.22801928386541e-06,-1.09143047912849e-05,1.41576525800057e-05,-0.0721888719590835,0.0721888719590835,0.000347061884692594,0.000451180449568909,0.000644543499435281,0.00112795112436068,0.0721888719590835,0.0733477084661143,434.254419503227,108.563604875807,6948.07071205163,0,0,0,0,0,0,-1.50896722989751e-07,-0.0197454215803615,0,0,-1.55413501097447e-05,0,-1.44597553679068e-05,-1.44597553679068e-05,-1.44597553679068e-05,-1.44597553679068e-05,-1.44597553679068e-05,-1.44597553679068e-05,-1.44597553679068e-05,-1.44597553679068e-05,-1.44597553679068e-05,-1.846023494466e-05,-1.8910780406077e-05,-1.44597553679068e-05,-1.55385317533973e-05,1.55385317533973e-05,7.47044795626482e-08,9.71158233273649e-08,1.38736890573393e-07,2.42789558646832e-07,1.55385317533973e-05,3.93998487287248e-05,0,0,0
43.3142124886363,8.97830922044092,22.6460340600655,3.18206579723408,-1.0280729603313,5.10023373103382,6.92187721967339,-0.166121377205807,-51877.1844642407,0,0,-61.8541290455063,0,0.00178665425798968,0.6773912114948,0.706351715619636,0.922880521555016,0.142742454145968,0.194798806037321,0.295557595865507,0.615712951264468,0.360855125845394,-1.07123407060933,-0.00132513772568598,0.00171892208433666,-61.8545036038357,61.8545036038357,0.297377421406996,0.386590647373715,0.552272353434828,0.966476618809934,61.8545036038357,115.02283272002,52724.1015194196,13181.0253798549,843585.624310713,0,0,0,0,0,0,-1.83208132941068e-05,-2.39734949188923,0,0,-0.00188692085591758,0,-0.001755601269034,-0.001755601269034,-0.001755601269034,-0.001755601269034,-0.001755601269034,-0.001755601269034,-0.001755601269034,-0.001755601269034,-0.001755601269034,-0.00224131121660895,-0.00229601326126296,-0.001755601269034,-0.00188657867101513,0.00188657867101513,9.07008976194702e-06,1.17911166778948e-05,1.68444524098293e-05,2.94777917346113e-05,0.00188657867101513,0.00478365108315869,0,0,0
4.91334986866076e-05,4.20465266390466,3.41938793547117,1.37067794686074,0.109497801863202,1.19419898368075,5.26712041498423,-2.57531865008597e-11,-503734.000357597,0,0,0.0574280445495536,0,5.22074842983383e-10,1.97939197691999e-07,2.06401691527099e-07,2.69673162128965e-07,0.0660430555138216,0.0291536714726559,0.126571295928274,0.172200180524675,0.273280437377622,-3.27390204914478e-10,-1.64921440601361,5.02282953328911e-10,0.0574279901364682,-0.0574279901364682,-0.00027609610664324,-0.000358924938213421,-0.00051274991177413,-0.000897312345882316,-0.0574279901364682,-0.0574279490234503,3.79947042109597,0.00385160235942385,0.246502551003126,0,0,0,0,0,0,-5.3534900113304e-12,-7.00524935900381e-07,0,0,-5.51373554883349e-10,0,-5.13000908135214e-10,-5.13000908135214e-10,-5.13000908135214e-10,-5.13000908135214e-10,-5.13000908135214e-10,-5.13000908135214e-10,-5.13000908135214e-10,-5.13000908135214e-10,-5.13000908135214e-10,-6.54929288224252e-10,-6.70913668663781e-10,-5.13000908135214e-10,-5.51273565683747e-10,5.51273565683747e-10,2.65035368042709e-12,3.44545978086276e-12,4.92208540498355e-12,8.61364946380855e-12,5.51273565683747e-10,1.39782158577084e-09,0,0,0
9.99094833386717,-0.00548604318581217,-0.00866573196999691,-0.000935615171875125,-0.000352298169358537,-0.0011071050413215,-0.00347585039937,0.0307229008593511,451640.145731185,-200.132816746035,0,57.2692587421429,0,0.00010329642130411,0.0391637540712548,0.0408381219137631,0.05335685667308,1.3210416208095e-05,2.54964942611024e-05,1.29837673030433e-05,-8.0623689394855e-05,-8.09613408859386e-05,0.989878497122139,1.56252065234972,9.93804475704014e-05,57.2621410891112,-57.2621410891112,-0.275298755453395,-0.357888381667843,-0.511269116708901,-0.894720954517363,-57.2621410891112,-106.308932687655,3048.27359802596,768.022252110517,48772.3775684154,0,0,0,0,0,0,-1.05922813000842e-06,-0.13860410989982,0,0,-0.000109093391084902,0,-0.000101501075273632,-0.000101501075273632,-0.000101501075273632,-0.000101501075273632,-0.000101501075273632,-0.000101501075273632,-0.000101501075273632,-0.000101501075273632,-0.000101501075273632,-0.0001295826692093,-0.000132745298702672,-0.000101501075273632,-0.000109073607472214,0.000109073607472214,5.24392343469053e-07,6.8171004577919e-07,9.73871494712441e-07,1.70427511675334e-06,0.000109073607472214,0.000276569479208481,0,0,0
5.91121385272963,0.170966785424235,0.220460522661132,-0.00623778148230385,-0.00265264902715929,-0.00444763655994756,0.098646072608327,0.000477181093964693,-8091.53668500566,0,-200.132816746035,0.890752797949273,0,0.000106397816196062,0.040339615396292,0.0420642548339673,0.0503539019047331,0.00292271852410845,0.00211696426540234,-0.000338690091461484,-0.000586287456963363,0.00535549440011674,0.0156103434755481,-0.0270315921160305,0.000102364268389782,0.890681604005273,-0.890681604005273,-0.00428212309955892,-0.00556676002286929,-0.00795251431901551,-0.0139169000625824,199.109318395995,-1.65246519265777,3139.79564735579,784.948911838948,50375.8361567666,0,0,0,0,0,0,-1.09103063265416e-06,-0.142765590743201,0,0,-0.000112368835496092,0,-0.000104548566294202,-0.000104548566294202,-0.000104548566294202,-0.000104548566294202,-0.000104548566294202,-0.000104548566294202,-0.000104548566294202,-0.000104548566294202,-0.000104548566294202,-0.000133473288296558,-0.000136730873286278,-0.000104548566294202,-0.000112348457895784,0.000112348457895784,5.40136816654872e-07,7.02177860898819e-07,1.00311123061991e-06,1.75544465462163e-06,0.000112348457895784,0.000284873263204654,0,0,0
1.71186330670366,-0.0230663760110017,0.391632093021275,-0.00393384642174935,-0.00148125739575427,-0.00465488518807874,-0.0146144077897902,-2.16748808097533e-05,-138.160414240379,0,0,-0.17251787524455,0,0.000129506579146835,0.0491010603492643,0.0512002778127457,0.0668954828688108,-0.00010208166152986,0.0035992767883994,-0.000103034619552488,-0.000496612416973277,-0.000498032091589429,-0.000438060051446247,-0.000492501936818432,0.000124596976704864,-0.0397057795596809,0.0397057795596809,0.000190893171110669,0.000248161122151552,0.000354515888816051,0.000620402805620014,0.0397057795596809,0.0743080902876299,3821.73439311831,955.433598279578,61147.750289893,0,0,0,0,0,0,-1.32799384452665e-06,-0.173773146273592,0,0,-0.000136774456545198,0,-0.000127255686813328,-0.000127255686813328,-0.000127255686813328,-0.000127255686813328,-0.000127255686813328,-0.000127255686813328,-0.000127255686813328,-0.000127255686813328,-0.000127255686813328,-0.000162462629335491,-0.000166427735983181,-0.000127255686813328,-0.000136749653091505,0.000136749653091505,6.57450255062874e-07,8.54685330665781e-07,1.22097904473874e-06,2.13671332955477e-06,0.000136749653091505,0.0003467454796257,0,0,0
13.3257763412286,-0.0330233411580427,-0.0521635381889543,-0.00563195329803058,-0.00212066552195005,-0.00666423982441482,-0.0209229474987666,-3.06722242858772e-05,-192.52315665212,0,0,-0.0577054002512895,-0.132816746035143,0.00250289477003616,0.235746961502139,0.245825850532798,0.321182612195396,7.95203512812076e-05,0.000153476631481131,7.81560338923151e-05,-0.000485315829666078,-0.000487348329229955,-0.000389924011686901,-0.000461176919778685,0.000598222491766711,-0.057685652259803,0.057685652259803,0.000277334866852558,0.000360535326483637,0.00051505046644605,0.000901338316559421,0.057685652259803,0.10665154253495,18349.1408217493,4587.28520543733,293586.253147989,0,0,0,0,0,0,-6.37604384739914e-06,-0.834330072166756,0,0,-0.000656689739738378,0,-0.000610987650505178,-0.000610987650505178,-0.000610987650505178,-0.000610987650505178,-0.000610987650505178,-0.000610987650505178,-0.000610987650505178,-0.000610987650505178,-0.000610987650505178,-0.000780025338578337,-0.000799062846884179,-0.000610987650505178,-0.000656570651906033,0.000656570651906033,3.15658967173813e-06,4.10356656886183e-06,5.86223795998441e-06,1.02589164360318e-05,0.000656570651906033,0.00166481523321289,0,0,0
29.5266111375307,-0.39978650502008,-0.631501171315142,-0.0681814391427075,-0.0256731580635508,-0.0806784854163541,-0.253296963963119,-0.000386301334667613,-2550.88034337877,0,0,-0.726511612001834,0,-0.0590223395897936,2.85399509870883,2.97601194130415,3.88829444568618,0.0401939526688381,0.0410892806928534,0.0401774359972502,0.0333559443156219,0.0333313385104974,0.034028242706417,0.03288651110867,0.00724218903421195,-0.726269068280695,0.726269068280695,0.00349167821564381,0.00453918167499007,0.00648454525050018,0.0113479541918859,0.726269068280695,1.34296998276855,-315192.173992984,-78798.0434982461,-5043074.78388775,0,0,0,0,0,0,0.000109524426307429,14.3316960629709,0,0,0.011280281116034,0,0.0413609226325762,-0.00739672634082955,-0.00739672634082955,-0.00739672634082955,-0.00739672634082955,-0.00739672634082955,-0.00739672634082955,-0.00739672634082955,-0.00739672634082955,-0.00449308322706726,-0.00416606662783687,-0.00739672634082955,0.011278235486043,-0.011278235486043,-5.42222859753545e-05,-7.04889716924188e-05,-0.00010069853106591,-0.000176222429469422,-0.011278235486043,-0.0285973462054983,0,0,0
-133.713598743745,-0.00063346868387549,-0.00100062461047488,-0.000108034678449935,-4.06795663316052e-05,-0.000127836466043792,-0.000401353453347094,-6.12101196459712e-07,-4.04191435567052,0,0,-0.00115117030939288,0,0.00377412754884281,-18.808407223895,0.00471554278091752,0.00616107030652644,1.52539538704898e-06,2.94405824306839e-06,1.49922443309874e-06,-9.3095480076109e-06,-9.34853633461104e-06,-8.24427949193856e-06,-1.00533731043594e-05,1.14753747269416e-05,-0.00115078599464017,0.00115078599464017,5.53262497859828e-06,7.19241246370554e-06,1.02748749489658e-05,1.79810311662526e-05,0.00115078599464017,0.00212795934026326,-499.427492224035,-124.856873056009,-7990.83987558456,0,0,0,0,0,0,1.73543362054456e-07,0.0227088221556096,0,0,1.78738019982957e-05,0,-1.1720241782241e-05,0.0487459287316235,-1.1720241782241e-05,-1.1720241782241e-05,-1.1720241782241e-05,-1.1720241782241e-05,-1.1720241782241e-05,-1.1720241782241e-05,-1.1720241782241e-05,-7.11936866966127e-06,-6.60120516959638e-06,-1.1720241782241e-05,1.7870560661928e-05,-1.7870560661928e-05,-8.59161570043567e-08,-1.11691003985966e-07,-1.59558577244405e-07,-2.79227510342625e-07,-1.7870560661928e-05,-4.53129933993617e-05,0,0,0
-79.5349239629182,-0.000392459136513408,-0.000619926889200769,-6.69317958364914e-05,-2.52026151925446e-05,-7.91997937001938e-05,-0.000248654485607113,-3.79221125110297e-07,-2.50412728879173,0,0,-0.000713195959175467,0,0.00376958959263295,0.00280168649513696,-19.6143170718744,0.00381702899298022,9.45043333129388e-07,1.82396160272842e-06,9.28829382463025e-07,-5.76763660998153e-06,-5.7917914348972e-06,-5.10766024105046e-06,-6.22846594948567e-06,7.10945271824753e-06,-0.000712957860845058,0.000712957860845058,3.42768202599889e-06,4.45598662854968e-06,6.36569518414734e-06,1.1139966575704e-05,0.000712957860845058,0.00131835575534071,-309.415267618544,-77.3538169046359,-4950.6442818967,0,0,0,0,0,0,1.07517040310255e-07,0.0140690218179417,0,0,1.10735338257724e-05,0,-7.26115763362782e-06,-7.26115763362782e-06,0.0487503878157721,-7.26115763362782e-06,-7.26115763362782e-06,-7.26115763362782e-06,-7.26115763362782e-06,-7.26115763362782e-06,-7.26115763362782e-06,-4.41073308237137e-06,-4.08971010998998e-06,-7.26115763362782e-06,1.10715256885047e-05,-1.10715256885047e-05,-5.3228488872084e-08,-6.91970354595517e-08,-9.88529078746935e-08,-1.72992588882885e-07,-1.10715256885047e-05,-2.80732082185244e-05,0,0,0
-119.197251121719,-0.000449946261307892,-0.0007107333226031,-7.67359159142e-05,-2.8894275673665e-05,-9.08009210547226e-05,-0.000285077211223328,-4.34769155760299e-07,-2.87093000672801,0,0,-0.000817664377141935,0,0.00565177201471043,0.00321207546610555,0.00334940131741112,-25.6264348942786,1.08347258339593e-06,2.09113415273686e-06,1.06488362519719e-06,-6.61247576575416e-06,-6.64016877160417e-06,-5.85582654517486e-06,-7.14080704694932e-06,8.15084010768449e-06,-0.000817391402343736,0.000817391402343736,3.92976636052343e-06,5.10869626266272e-06,7.29813751866851e-06,1.27717406616209e-05,0.000817391402343736,0.00151146753381554,-354.738187759806,-88.6845469399515,-5675.81100415689,0,0,0,0,0,0,1.2326605705824e-07,0.0161298417549409,0,0,1.26955768914875e-05,0,-8.32476664715507e-06,-8.32476664715507e-06,-8.32476664715507e-06,0.0487493242067586,-8.32476664715507e-06,-8.32476664715507e-06,-8.32476664715507e-06,-8.32476664715507e-06,-8.32476664715507e-06,-5.05681401042432e-06,-4.68876782987116e-06,-8.32476664715507e-06,1.26932746037542e-05,-1.26932746037542e-05,-6.10253586547467e-08,-7.93329661661507e-08,-1.13332808895156e-07,-1.9833241568366e-07,-1.26932746037542e-05,-3.2185351048418e-05,0,0,0
4.65161499849228,2.60137253797012,-0.0536038885125302,-0.00578746394851212,-0.00217922177363054,-0.00684825418235031,-0.0215006762197527,-3.27905229892767e-05,-216.52708141541,0,0,-0.0479120023611505,0,0.000638963894856169,0.242256454992624,0.252613644375993,0.330051172409369,-0.045495308545147,0.000157714459732244,8.03140943424793e-05,-0.000498716469970882,-0.000500805091329908,-0.000441649579798244,-0.000538563498658297,0.000614740734000691,-0.0481286883452915,0.0481286883452915,0.000231387924919605,0.000300804302041157,0.000429720431521453,0.00075201075539518,0.0481286883452915,0.100476282565803,-26754.5444445589,-6688.63611113972,-428072.711112942,0,0,0,0,0,0,9.29679215789209e-06,1.21652131912133,0,0,0.000957507220571937,0,-0.000627858366922424,-0.000627858366922424,-0.000627858366922424,-0.000627858366922424,0.0481297906064833,-0.000627858366922424,-0.000627858366922424,-0.000627858366922424,-0.000627858366922424,-0.000381387625742094,-0.000353629385341072,-0.000627858366922424,0.000957333580795872,-0.000957333580795872,-4.60256529099449e-06,-5.98333487188058e-06,-8.54762125205766e-06,-1.49583371999355e-05,-0.000957333580795872,-0.00242743644411829,0,0,0
1.8316422829352,-0.0300119410334919,4.11531484785951,-0.0051183751963483,-0.00192728192740799,-0.00605652746299037,-0.0190149828745266,-2.89996103710937e-05,-191.494383846528,0,0,-0.0441075562932099,0,0.000565093273995203,0.214249184344084,0.223408978982174,0.29189395379648,7.22688864882748e-05,-0.0513393557054316,7.10289812700096e-05,-0.000441059854993237,-0.000442907010820679,-0.00039059046843793,-0.000476300168383747,0.000543670552954891,-0.0442692719531136,0.0442692719531136,0.000212833038404104,0.00027668294959942,0.000395261356601953,0.0006917073742674,0.0442692719531136,0.0905649603980761,-23661.4513529426,-5915.36283823564,-378583.221647081,0,0,0,0,0,0,8.22198994410905e-06,1.0758792799427,0,0,0.00084680980334396,0,-0.000555271656232375,-0.000555271656232375,-0.000555271656232375,-0.000555271656232375,-0.000555271656232375,0.0482023773171733,-0.000555271656232375,-0.000555271656232375,-0.000555271656232375,-0.000337295399359569,-0.000312746289347507,-0.000555271656232375,0.000846656238063758,-0.000846656238063758,-4.070462681855e-06,-5.29160148074057e-06,-7.55943069253314e-06,-1.32290037197462e-05,-0.000846656238063758,-0.0021468004979074,0,0,0
4.71548095502945,-0.0340526851295104,-0.0537894858272703,0.443630062706379,-0.00218676707902969,-0.00687196547685098,-0.0215751198446876,-3.29040564135228e-05,-3521.25377596288,0,0,-0.0588547478703193,0,0.000641176234042597,0.243095240177295,0.253488290140767,0.331193936731619,8.19990161082634e-05,0.000158260527956663,-0.0453875580650443,-0.000500443218537296,-0.000502539071508179,-0.000443178740803932,-0.000540428212990442,0.000616869203271445,-0.0590728103558082,0.0590728103558082,0.00028400389616554,0.0003692050645803,0.000527435806585123,0.000923012661809504,0.0590728103558082,0.111601652116191,-26847.1789855184,-6711.7947463796,-429554.863768295,0,0,0,0,0,0,9.32898123424609e-06,1.22073338463408,0,0,0.000960822479481574,0,-0.000630032254492365,-0.000630032254492365,-0.000630032254492365,-0.000630032254492365,-0.000630032254492365,-0.000630032254492365,0.0481276167189133,-0.000630032254492365,-0.000630032254492365,-0.000382708136644885,-0.000354853786520795,-0.000630032254492365,0.000960648238497704,-0.000960648238497704,-4.61850114532574e-06,-6.004051482489e-06,-8.57721641009225e-06,-1.50101287265266e-05,-0.000960648238497704,-0.00243584116433976,0,0,0
8.57437297185469,-0.0119445745809333,-0.0188676024428127,-0.00203708297966318,0.168464958194199,0.529404977727836,-0.00756785043814693,-1.1541672979731e-05,-1323.94437631359,0,0,-0.0194937671505279,0,0.000224903772431347,0.0852699050170124,0.0889154489716205,0.116172062878396,2.87625883169931e-05,5.55126467180715e-05,2.82691133919181e-05,-0.000677865164982971,-0.000176274364169317,-0.000155452690502494,-0.000189564642880707,0.000216377656479467,-0.0196609808756643,0.0196609808756643,9.4523946592221e-05,0.000122881130425141,0.00017554447204984,0.000307202826182254,0.0196609808756643,0.0380863903748167,-9417.1173421589,-2354.27933553973,-150673.877474542,0,0,0,0,0,0,3.27230324694754e-06,0.428193574184865,0,0,0.000337025280724753,0,-0.000220994826797254,-0.000220994826797254,-0.000220994826797254,-0.000220994826797254,-0.000220994826797254,-0.000220994826797254,-0.000220994826797254,0.0485366541466085,-0.000220994826797254,-0.000134241569012815,-0.000124471168787539,-0.000220994826797254,0.000336964162653771,-0.000336964162653771,-1.62002001230328e-06,-2.10602601373726e-06,-3.00860859334603e-06,-5.26506504146517e-06,-0.000336964162653771,-0.000854413869100426,0,0,0
11.5637699733672,-0.0160621953427312,-0.0253717798011163,-0.00273932106388559,-0.00103146873319512,-0.0032414140458495,1.6595030911764,-1.55204025665582e-05,-4624.07766353614,0,0,-0.0155617488488473,0,0.000302434239213165,0.114664767837414,0.119567030260631,0.156219742668731,3.86778372875298e-05,7.46493706859188e-05,3.8014248091482e-05,-0.000236052361319524,-0.000577170663860552,-0.000209041474393733,-0.000254912747490007,0.00029096893846043,-0.015787045772592,0.015787045772592,7.58992585819814e-05,9.86690360403497e-05,0.000140955765783109,0.00024667259019675,0.015787045772592,0.0405641966572808,-12663.45463292,-3165.86365823,-202615.27412672,0,0,0,0,0,0,4.40035545987761e-06,0.575803582325842,0,0,0.000453207090613423,0,-0.000297177773364717,-0.000297177773364717,-0.000297177773364717,-0.000297177773364717,-0.000297177773364717,-0.000297177773364717,-0.000297177773364717,-0.000297177773364717,0.048460471200041,-0.000180518300588157,-0.000167379776823103,-0.000297177773364717,0.000453124903475786,-0.000453124903475786,-2.17848511225219e-06,-2.83203064289279e-06,-4.04575806435861e-06,-7.08007661680916e-06,-0.000453124903475786,-0.00114895364217798,0,0,0
18.6628101392804,-0.0293076638028521,-0.0462942690351238,-0.00499826450092087,-0.00188205523657242,-0.00591440155436724,-0.018568766501364,0.00246018272641786,-187.000668022283,0,0,4.58317846399244,0,0.00055183247471473,0.209221491465163,0.21816633716697,0.285044204718576,7.05729838080521e-05,0.000136207947448943,6.93621749088954e-05,-0.000430709694273063,-0.000432513503694177,-0.00718119249369985,-0.000465123038481745,0.000530912471397014,4.58279935775249,-4.58279935775249,-0.0220326892373535,-0.0286424959748204,-0.0409178513958462,-0.0716062399648826,-4.58279935775249,-8.5102953331277,-23106.1983150543,-5776.54957876358,-369699.173040869,0,0,0,0,0,0,8.02904806468433e-06,1.05063208653607,0,0,0.000826938084200163,0,-0.000542241336605007,-0.000542241336605007,-0.000542241336605007,-0.000542241336605007,-0.000542241336605007,-0.000542241336605007,-0.000542241336605007,-0.000542241336605007,-0.000542241336605007,0.0484282687391967,-0.000305407207536412,-0.000542241336605007,0.000826788122569927,-0.000826788122569927,-3.97494289585381e-06,-5.16742575907209e-06,-7.38203680430013e-06,-1.29185644151551e-05,-0.000826788122569927,-0.00209642245978867,0,0,0
6.0542990229404,-0.0084114313359904,-0.0132866634426493,-0.00143452439373632,-0.000540158318297261,-0.00169745984881926,-0.00532931950737957,-8.12770593993628e-06,24983.202061791,0,0,-0.0137249216256265,0,0.000158378402361123,0.0600475091194904,0.0626147200694282,0.0818089688704209,2.02547637870619e-05,3.90922935751528e-05,1.99072561868392e-05,-0.00012361561956947,-0.000124133320986785,-0.000109470590459031,-0.000486516573340035,0.000152374267311691,-0.0138428865296634,0.0138428865296634,6.65523391374475e-05,8.65180407767687e-05,0.000123597201119474,0.000216295102025991,0.0138428865296634,0.0268181554092284,-6631.58284707575,-1657.89571176894,-106105.325553212,0,0,0,0,0,0,2.30437290886647e-06,0.301536134532377,0,0,0.000237334949696271,0,-0.000155625702583118,-0.000155625702583118,-0.000155625702583118,-0.000155625702583118,-0.000155625702583118,-0.000155625702583118,-0.000155625702583118,-0.000155625702583118,-0.000155625702583118,-9.45336087556737e-05,0.0486699957311347,-0.000155625702583118,0.000237291910033872,-0.000237291910033872,-1.14082649022688e-06,-1.48307443570556e-06,-2.11867776690826e-06,-3.70768609427926e-06,-0.000237291910033872,-0.000601682675574587,0,0,0
76.6618562941155,-0.524476133588228,-0.828460412067103,-0.0894465849522664,-0.0336803731719115,-0.105841341725125,-0.332297890601237,-0.000506785066184926,-3346.4757888071,0,0,-0.953103710317921,0,0.0136375337923386,3.74412916858055,3.90420190998994,5.10101669645812,0.00126294084483901,0.00243751320891903,0.0012412727796457,-0.00770777761990434,-0.00774005774285375,-0.00682579572158066,-0.00832362260283518,-0.0382379395863561,-0.952785519504845,0.952785519504845,0.00458069961661944,0.00595490949459075,0.00850701356437586,0.0148872737422632,0.952785519504845,1.76182961466426,-413497.631053868,-103374.407763467,-6615962.09686188,0,0,0,0,0,0,0.000143684058671025,18.8016164740005,0,0,0.0147984940743026,0,-0.00970369530670784,-0.00970369530670784,-0.00970369530670784,-0.00970369530670784,-0.00970369530670784,-0.00970369530670784,-0.00970369530670784,-0.00970369530670784,-0.00970369530670784,-0.00589443337689449,-0.00546542339424159,0.0390539536666979,0.014795810431671,-0.014795810431671,-7.11337039784291e-05,-9.24738150728548e-05,-0.000132105450204753,-0.000231184537994859,-0.014795810431671,-0.0375165879298262,0,0,0
0.466859401730391,-0.00424017333952071,-0.00669776092205031,-0.000723138767499271,-0.000272291933308008,-0.000855683617730299,-0.00268649146504835,-3.93829161799097e-06,-24.7198353482738,0,0,-0.00740933203944744,0,7.98380028823529e-05,0.0302697409159924,0.0315638630448002,0.0412396172401489,1.02103561186685e-05,1.97062894978221e-05,1.00351787436312e-05,-6.23142047423115e-05,-6.25751762297844e-05,-5.00659636734271e-05,-5.9214786011185e-05,7.6811339244911e-05,-0.140223542446635,0.00740679641149236,3.56095981602802e-05,4.62924775538345e-05,6.61321107964378e-05,0.000115731193929568,0.00740679641149236,0.0136939816329068,2356.01653215952,589.004133039879,37696.2645145523,0,0,0,0,0,0,-8.18679460808357e-07,-0.107127383368968,0,0,-8.43184919857e-05,0,-7.84503764791678e-05,-7.84503764791678e-05,-7.84503764791678e-05,-7.84503764791678e-05,-7.84503764791678e-05,-7.84503764791678e-05,-7.84503764791678e-05,-7.84503764791678e-05,-7.84503764791678e-05,-0.000100154694492049,-0.000102599096915868,-7.84503764791678e-05,-8.43032011933676e-05,8.43032011933676e-05,4.05303851777297e-07,5.26895006745819e-07,7.52707153067651e-07,1.31723751864637e-06,8.43032011933676e-05,0.000213761082905386,0,0,0
0.396390058072973,-0.00360014717506475,-0.00568677814136347,-0.000613985745989947,-0.000231191264129441,-0.000726523826374782,-0.00228098331938068,-3.34383250584139e-06,-20.9885394466475,0,0,-0.00629094229764405,0,6.77869835793562e-05,0.0257007234192389,0.0267995063587926,0.0350147693548434,8.66917028943549e-06,1.67317552339999e-05,8.52043478232836e-06,-5.29082870453588e-05,-5.31298666101943e-05,-4.25088370812117e-05,-5.02767051038363e-05,6.52171748305848e-05,-0.00628878940598408,-0.126527956629159,3.02345644757096e-05,3.93049337721236e-05,5.61499053932019e-05,9.82623344685012e-05,0.00628878940598408,0.0116269655373737,2000.39139522978,500.097848807444,32006.2623236764,0,0,0,0,0,0,-6.95105202573134e-07,-0.0909572122944069,0,0,-7.15911724406886e-05,0,-6.66088102181614e-05,-6.66088102181614e-05,-6.66088102181614e-05,-6.66088102181614e-05,-6.66088102181614e-05,-6.66088102181614e-05,-6.66088102181614e-05,-6.66088102181614e-05,-6.66088102181614e-05,-8.50370047574e-05,-8.71124407776241e-05,-6.66088102181614e-05,-7.15781896924819e-05,7.15781896924819e-05,3.44125911886384e-07,4.47363684972865e-07,6.39090979019704e-07,1.11840921394503e-06,7.15781896924819e-05,0.000181495259070611,0,0,0
0,0,0,0,138038.426460288,0,0,0,0,0,0,1041774.77304303,0,0,0,0,0,0,0,0,0,0,0,0,0,1041774.77304303,-1041774.77304303,-143183.642649326,-6511.09232898824,-9301.56047072102,-16277.7308287974,-1041774.77304303,-1041774.77304303,0,0,0,0,0,0,0,0,0,0,0,0,0,0,0,0,0,0,0,0,0,0,0,0,0,0,0,0,0,0,0,0,0,0,0,0,0,0
0,0,0,0,0,151356.124843621,0,0,0,0,0,1738612.71741141,0,0,0,0,0,0,0,0,0,0,0,0,0,1738612.71741141,-1738612.71741141,-8358.71499415208,-162359.137945516,-15523.3278292282,-27165.8237095533,-1738612.71741141,-1738612.71741141,0,0,0,0,0,0,0,0,0,0,0,0,0,0,0,0,0,0,0,0,0,0,0,0,0,0,0,0,0,0,0,0,0,0,0,0,0,0
0,0,0,0,0,0,131825.673855641,0,0,0,0,869225.26792796,0,0,0,0,0,0,0,0,0,0,0,0,0,869225.26792796,-869225.26792796,-4178.96763756734,-5432.6579224382,-139723.297367745,-13581.6448113744,-869225.26792796,-869225.26792796,0,0,0,0,0,0,0,0,0,0,0,0,0,0,0,0,0,0,0,0,0,0,0,0,0,0,0,0,0,0,0,0,0,0,0,0,0,0
0,0,0,0,0,0,0,173780.082874938,0,0,0,105561583.490579,0,0,0,0,0,0,0,0,0,0,0,0,0,105561583.490579,-105561583.490579,-507507.613336031,-659759.896559684,-942514.138017167,-1823316.50853747,-105561583.490579,-105561583.490579,0,0,0,0,0,0,0,0,0,0,0,0,0,0,0,0,0,0,0,0,0,0,0,0,0,0,0,0,0,0,0,0,0,0,0,0,0,0
0,0,0,0,0,0,0,0,0,0,4937.07339753436,6121804.58972159,0,0,0,0,0,0,0,0,0,0,0,0,0,6121804.58972159,-6121804.58972159,-29431.7528584294,-38261.2786708887,-54658.9695341766,-95653.1967143998,-6126878.34674143,-6121804.58972159,0,0,0,0,0,0,0,0,0,0,0,0,0,0,0,0,0,0,0,0,0,0,0,0,0,0,0,0,0,0,0,0,0,0,0,0,0,0
0,0,0,0,0,0,0,0,0,0,0,575317.296774199,0,0,0,0,0,0,0,0,0,0,0,0,0,575306.193907672,-575306.193907672,-2765.89516520067,-3595.6637105254,-5136.66244401516,-8989.15927980737,-575306.193907672,-575453.980396589,0,0,0,0,0,0,0,0,0,0,0,0,0,0,0,0,0,0,0,0,0,0,0,0,0,0,0,0,0,0,0,0,0,0,0,0,0,0
0.130027182504803,0,0,0,0,0,0,0,6258.73676741525,0,0,0,0,0,0,0,0,0,0,0,0,0,0,0,0,0,0,0,0,0,0,0,0,-44684.9731186306,-11139.8111004391,-712947.910428103,0,0,0,0,0,0,0,0,0,0,0,0,0,0,0,0,0,0,0,0,0,0,0,0,0,0,0,0,0,0,0,0,0,0,0
16705.1298418182,0,0,0,0,0,0,0,0,6258.73676741525,0,0,0,0,0,0,0,0,0,0,0,0,0,0,0,0,0,0,0,0,0,0,0,-5724710395.63908,-1431177792.53917,-91595366330.2253,0,0,0,0,0,0,0,0,0,0,0,0,0,0,0,0,0,0,0,0,0,0,0,0,0,0,0,0,0,0,0,0,0,0,0
20.5837572779879,0,0,0,0,0,0,0,0,0,6258.73676741525,0,0,0,0,0,0,0,0,0,0,0,0,0,0,0,0,0,0,0,0,-6258.73676741525,0,-7053884.0696006,-1763471.01740015,-112866505.55792,0,0,0,0,0,0,0,0,0,0,0,0,0,0,0,0,0,0,0,0,0,0,0,0,0,0,0,0,0,0,0,0,0,0,0
0.0189518171753545,0.0449392140977933,0.000191978182735619,2.07273547183718e-05,7.80471431250158e-06,2.45264929340321e-05,7.70030097217705e-05,1.12883406365807e-07,0.708545605451767,0,0,0.000212373973447605,0,-2.28839979285246e-06,-0.000867622765363108,-0.000904716238453278,-0.00118205275861843,-2.92659835959842e-07,-5.64842145051635e-07,-2.87638720021628e-07,1.78611448277586e-06,1.79359471870753e-06,1.43504267094529e-06,1.69727572270912e-06,-2.20164641487578e-06,0.000212301294644558,-0.000212301294644558,-1.02067930198135e-06,-1.32688309101276e-06,-1.89554727302573e-06,-3.31720772882122e-06,-0.000212301294644558,-0.000392511130047268,-67.5305938212858,-16.8826484553214,-1080.48950114057,-0.134282698506854,0,0,0,0,0,2.34658413398329e-08,0.00307059637089895,0,0,-0.000184258753786213,0,2.24862620309616e-06,18.7651927786262,2.24862620309616e-06,1.2791558556262,-0.26739319124162,2.24862620309616e-06,2.24862620309616e-06,2.24862620309616e-06,2.24862620309616e-06,2.87073791746194e-06,2.94080191954576e-06,2.24862620309616e-06,-0.000178741379698057,0.000178741379698057,8.5933355599918e-07,1.11713362160172e-06,1.59590517493295e-06,2.79283405778215e-06,0.000178741379698057,0.000175030723381548,0,0,0
0.01356771400671,5.20276061245807e-05,0.0448998604433122,8.87302851942359e-06,3.34106564111621e-06,1.04993750645959e-05,3.29636806349013e-05,4.8323469041889e-08,0.303316339682908,0,0,9.0913691051645e-05,0,-9.79625084904128e-07,-0.000371414570058208,-0.00038729365588877,-0.000506016709859664,-1.25282705209838e-07,-2.41799328959873e-07,-1.23133250755835e-07,7.64605274525387e-07,7.67807436482644e-07,6.1431739452026e-07,7.26574910187399e-07,-9.42487437220551e-07,9.08825784904448e-05,-9.08825784904448e-05,-4.36935473856611e-07,-5.68016115344506e-07,-8.1145159341366e-07,-1.4200402889132e-06,-9.08825784904448e-05,-0.000168027348324079,-28.9087002683837,-7.22717506709593,-462.53920429414,0,-0.223603883088945,0,0,0,0,1.00453281313344e-08,0.00131447015505919,0,0,-0.000158253909015352,0,9.62598686648169e-07,9.62598686648169e-07,19.5695006025987,9.62598686648169e-07,9.62598686648169e-07,-0.318779241629378,9.62598686648169e-07,9.62598686648169e-07,9.62598686648169e-07,1.22891414555921e-06,1.25890735487712e-06,9.62598686648169e-07,-0.000153545799373035,0.000153545799373035,7.38200958316766e-07,9.5966124478334e-07,1.37094463644954e-06,2.39915311520367e-06,0.000153545799373035,0.000151957330426104,0,0,0
0.0318624145012687,0.000771134603692056,0.00121808114920916,0.0449491907048304,4.95200821445072e-05,0.000155617988843547,0.000488575906063389,7.1623320626003e-07,4.49564650033357,0,0,0.00134749027182648,0,-1.45196532741767e-05,-0.00550497415932377,-0.00574032830053916,-0.00749999902138176,-1.85689552965638e-06,-3.58386332947929e-06,-1.8250370831122e-06,1.13327064085969e-05,1.1380167709929e-05,9.10519310517932e-06,1.07690339255344e-05,-1.39692123186586e-05,0.00134702913255181,-0.00134702913255181,-6.47610160391815e-06,-8.4189320751766e-06,-1.20270458226349e-05,-2.10473301961221e-05,-0.00134702913255181,-0.0024904413697039,-428.474434732455,-107.118608683114,-6855.59095571928,0,0,-0.0693474778646468,0,0,0,1.48888267297261e-07,145.292670773236,0,0,-5.19892426431603e-05,0,1.42672940777921e-05,1.42672940777921e-05,1.42672940777921e-05,24.3039328002941,1.42672940777921e-05,1.42672940777921e-05,-0.386472602854044,1.42672940777921e-05,1.42672940777921e-05,1.82145267329461e-05,1.86590753736318e-05,1.42672940777921e-05,-4.17991879786598e-05,4.17991879786598e-05,2.00957634456317e-07,2.61244924513239e-07,3.73207035303327e-07,6.53112312166559e-07,4.17991879786598e-05,1.8255468343817e-05,0,0,0
0.05213755895085,0.000189616407979234,0.000299517322960768,3.2338058985872e-05,0.0448298544730169,3.82653351570376e-05,0.000120137272908499,1.76116552410234e-07,1.1054468789966,0,0,0.000331338087938708,0,-3.57027746617989e-06,-0.00135363323226812,-0.00141150510917085,-0.00184419538103115,-4.56597147424533e-07,-8.81246008116809e-07,-4.48763386407217e-07,2.78663033871518e-06,2.79830072859721e-06,2.23890096786637e-06,2.64802736200617e-06,-3.4349280261596e-06,0.000331224697134532,-0.000331224697134532,-1.59242642978825e-06,-2.07015435628621e-06,-2.95736336635773e-06,-5.17538589272706e-06,-0.000331224697134532,-0.000612381476003268,-105.358756870604,-26.339689217651,-1685.74010992967,0,0.0383216805045473,0,-0.10827553814617,0.0167800787405303,0,3.66105454222785e-08,27.9601939198243,0,0,1.24226818046578e-05,0,3.50822416950527e-06,3.50822416950527e-06,3.50822416950527e-06,3.50822416950527e-06,3.50822416950527e-06,0.0683320171503176,3.50822416950527e-06,-0.184762411787928,3.50822416950527e-06,4.47882006021635e-06,4.58813134778574e-06,3.50822416950527e-06,1.52720650375096e-05,-1.52720650375096e-05,-7.34233895827787e-08,-9.54504063553194e-08,-1.36357723468658e-07,-2.38626016211087e-07,-1.52720650375096e-05,-2.1061294993285e-05,0,0,0
0.120520149171835,0.00026767709385396,0.000422821671518198,4.56508893004878e-05,1.71894655127478e-05,0.0448716961317254,0.000169595007195837,2.48619660245398e-07,1.56053376990533,0,0,0.000467742308842145,0,-5.04007805328732e-06,-0.00191089269973596,-0.00199258908872616,-0.0026034079294835,-6.44567623588736e-07,-1.24403459034486e-06,-6.33508884498544e-07,3.93382154351455e-06,3.95029636276177e-06,3.16060466967036e-06,3.73815892971248e-06,-4.849008381915e-06,0.00046758223766869,-0.00046758223766869,-2.24799152902758e-06,-2.92238898429345e-06,-4.17484140646466e-06,-7.30597246357329e-06,-0.00046758223766869,-0.000864484754106856,-148.732518202105,-37.1831295505263,-2379.72029123368,0.0103928261968396,0.0433201605703578,0,0.03320398479803,-0.123691482666026,0,5.16822595021267e-08,55.3241901228202,0,0,1.51643836778979e-05,0,4.95247885079774e-06,4.95247885079774e-06,4.95247885079774e-06,4.95247885079774e-06,0.0310673171554584,0.0772458756127573,4.95247885079774e-06,-0.365605060092628,4.95247885079774e-06,6.32264660210643e-06,6.47695881640179e-06,4.95247885079774e-06,2.10182113038287e-05,-2.10182113038287e-05,-1.01049092778473e-07,-1.31363820471234e-07,-1.87662600816206e-07,-3.28409551622324e-07,-2.10182113038287e-05,-2.91907332217841e-05,0,0,0
0.0705652410329763,0.000118859613991672,0.000187750172943022,2.02708681662275e-05,7.63282806964072e-06,2.39863364911202e-05,0.0448929849865073,1.10397331434086e-07,0.692941031454536,0,0,0.000207696779265254,0,-2.2380014788582e-06,-0.000848514773527977,-0.000884791322709232,-0.00115601995339239,-2.86214475165683e-07,-5.52402407960057e-07,-2.8130394120639e-07,1.74677819249398e-06,1.75409368829571e-06,1.40343817100111e-06,1.65989596281092e-06,-2.15315870408861e-06,0.000207625701095606,-0.000207625701095606,-9.98200486824409e-07,-1.29766063134317e-06,-1.85380090206585e-06,-3.24415157961884e-06,-0.000207625701095606,-0.000383866705572073,-66.0433414267285,-16.5108353566821,-1056.69346282766,0.021585100562667,0.0083308001096842,0,0.031331442282687,-0.00828493539118787,-0.153991194460163,2.29490440373343e-08,121.176181327645,0,0,-0.000159983953550311,0,2.19910383825706e-06,2.19910383825706e-06,2.19910383825706e-06,2.19910383825706e-06,0.0645163411244848,0.0148562227834357,2.19910383825706e-06,0.0912278562335755,-0.353435420509243,2.8075145456493e-06,2.87603550110824e-06,2.19910383825706e-06,-0.000156719114614916,0.000156719114614916,7.53457281590755e-07,9.7949446501827e-07,1.39927780823532e-06,2.44873616585807e-06,0.000156719114614916,0.000153090179518077,0,0,0
11.7640626486895,0.0097820479852965,0.0154516840438758,0.0016682756947162,0.000628175441037316,0.00197405566674688,0.00619771559295804,0.0448267634529857,57.0284741219508,0,0,0.0170932732568575,0,-0.000184185671837108,-0.0698320645014481,-0.0728175945138279,-0.0951394866286285,-2.35552147288088e-05,-4.54622615738701e-05,-2.31510818428767e-05,0.000143758401401529,0.000144360460659216,0.000115501801428461,0.00013660806571317,-0.000177203181602368,0.0170874235822468,-0.0170874235822468,-8.21510749794868e-05,-0.000106796397347533,-0.000152566281937149,-0.000266990993472606,-0.0170874235822468,-0.0315919125744999,-5435.31240973779,-1358.82810243445,-86964.9985558047,0.0327773749284943,0.0666464008774736,0.01563304645619,-0.00630086145990347,0.0529369518713293,0.054763998173075,-0.0732027535559188,-208.430073022549,0,0,-2.92308379032356,0,0.000180984428167397,0.000180984428167397,0.000180984428167397,0.000180984428167397,0.098146903792853,0.119013173864947,0.246492542565935,0.319980847382639,0.177473629407632,-0.752345742885561,0.000236695344486213,0.000180984428167397,-2.92258261192093,2.92258261192093,0.0140508779379791,0.0182661412997973,0.0260944875910251,0.0456653533112645,2.92258261192093,7.41111415628441,0,0,0
2.2915965730484e-06,4.52507927160168e-09,7.14779719782387e-09,7.7172794253558e-10,2.90587786058692e-10,9.1317875275311e-10,2.86700232948478e-09,4.20291349884012e-12,0.0448440586555806,0,0,7.90718023615224e-09,0,-8.52024818329354e-11,-3.23036268114439e-08,-3.36847036569133e-08,-4.40105915960688e-08,-1.08964108607599e-11,-2.10303954547425e-11,-1.07094629590677e-11,6.65012238008294e-11,6.6779730497109e-11,5.34299983257279e-11,6.31935487764353e-11,-8.19724504659991e-11,7.90447423416099e-09,-7.90447423416099e-09,-3.80022800019216e-11,-4.94029639443044e-11,-7.05756627831759e-11,-1.23507409908765e-10,-7.90447423416099e-09,-1.46141083090167e-08,-0.00251432210892373,-0.000628580527230934,-0.0402291537427797,0.0151895152107656,0.00999696013162104,0.00669987705265285,0.00263132086742193,0.0121219086792006,0.0413131916042495,8.73688210729774e-13,-3931.48399575325,0,0,0.000101936758975776,0,8.37216179693629e-11,8.37216179693629e-11,8.37216179693629e-11,8.37216179693629e-11,0.0453988407649174,0.0178248284992385,0.105562096428479,0.0921978549740172,0.133747083138405,1.06884293567772e-10,-0.817540472996426,8.37216179693629e-11,0.000101934915517042,-0.000101934915517042,-4.90071709078835e-07,-6.37093221119721e-07,-9.10133173721768e-07,-1.59273305495378e-06,-0.000101934915517042,-0.000101935053673464,3.78406401165827,0,0
-0.161558990227859,0.00178973358718573,0.00282705604730973,0.000305229441524631,0.000114931626501893,0.000361175260544801,0.00113394043631912,1.66231241519178e-06,10.4339884363094,0.0448176778438602,0,0.00312740290261562,0,-3.36988004619004e-05,-0.0127765465359219,-0.0133227821858327,-0.0174068185867423,-4.30968637823987e-06,-8.31782226078624e-06,-4.23574580866526e-06,2.63021853721408e-05,2.64123387548044e-05,2.11323287012794e-05,2.49939525807718e-05,-3.24212768478172e-05,0.00312633264011632,-0.00312633264011632,-1.50304453970376e-05,-1.95395789931324e-05,-2.79136842781176e-05,-4.88489475018175e-05,-0.00312633264011632,-0.00578008890398055,-994.450363684274,-248.612590921069,-15911.2058189484,0,0,0,0,0,0,0.0262606026435309,3436.3017292701,-200.04481770248,0,2.70466589127798,0,3.31130976187881e-05,3.31130976187881e-05,3.31130976187881e-05,3.31130976187881e-05,3.31130976187881e-05,3.31130976187881e-05,3.31130976187881e-05,3.31130976187881e-05,3.31130976187881e-05,0.69623779181561,0.774646355637922,3.31130976187881e-05,2.70417541186477,-2.70417541186477,-0.0130008433226196,-0.0169010963012928,-0.0241444233059611,-0.042252740810387,-2.70417541186477,-6.85676766983564,0,5.95385260402603,0
-0.424761826462381,0.00221921735900743,0.00350546690300539,0.000378475589865159,0.000142511859004125,0.000447846770929419,0.00140605301167582,2.06121882848944e-06,12.9378408201811,0,0.0448176778438602,0.00387788822860962,0,-4.17855280239629e-05,-0.0158425444232007,-0.0165198606701941,-0.0215839464875522,-5.34388519662692e-06,-1.03138565887347e-05,-5.25220105061225e-06,3.26139414131858e-05,3.27505283894323e-05,2.62034701845619e-05,3.09917709733976e-05,-4.02014360668056e-05,0.00387656113437943,-0.00387656113437943,-1.86373131607647e-05,-2.42285070804544e-05,-3.46121529748232e-05,-6.05712677246786e-05,-0.00387656113437943,-0.00716714136906273,-1233.08939696977,-308.272349242443,-19729.4303515163,0.000638039583669056,0.00067063669709829,-2.57796919434546e-05,-3.07052627122026e-05,-3.22767079667258e-05,0.000801822183302802,0.000412714515846416,-60.2962746801043,0,-200.04481770248,0.0425085580840635,0,4.10592736104786e-05,4.10592736104786e-05,4.10592736104786e-05,-0.00456389371158954,0.00208300507508744,0.00137177672658235,-0.000230165512620584,-0.000179811154928083,0.00277182923656321,0.0111176440333234,-0.0132390951727588,4.10592736104786e-05,0.042501025954423,-0.042501025954423,-0.000204331855492692,-0.000265631411855826,-0.000379473445797512,-0.00066407853053786,199.957498974046,-0.10776362203876,0,0,139.105799073924
-0.251800458527789,0.00231548217949386,0.00365752643010366,0.000394893037470725,0.000148693713372079,0.000467273389432543,0.00146704453204853,2.15063001649337e-06,13.499056204957,0,0,0.0488637804263628,0,-4.35980933131767e-05,-0.0165297595302553,-0.0172364562823465,-0.0225202111240826,-5.57569130929335e-06,-1.07612492467848e-05,-5.48003010450987e-06,3.40286632306556e-05,3.41711750527472e-05,2.73401197079626e-05,3.23361265666889e-05,-4.19452868935668e-05,0.00404471792181219,-0.00404471792181219,-1.94457592548295e-05,-2.52794870015007e-05,-3.61135528621513e-05,-6.31987175283155e-05,-0.00404471792181219,-0.00747803636746987,-1286.57813206876,-321.644533017189,-20585.2501131001,-5.84811003575352e-05,0.00117674359685448,-1.34949472363645e-05,-1.59219735208813e-05,-3.26786257570863e-05,-8.04487135310058e-05,-1.26168417789139e-05,-0.888363871440141,0,0,-0.0461164624105125,0,4.28403355634114e-05,4.28403355634114e-05,4.28403355634114e-05,4.28403355634114e-05,3.67850251176209e-06,0.00227663150739515,-3.41556159538275e-05,-0.000111183002178032,-8.19757679928944e-05,-0.000156021397847557,-7.21028548077139e-05,4.28403355634114e-05,-0.00129853630967633,0.00129853630967633,6.24296302553571e-06,8.11585192449878e-06,1.1594074186691e-05,2.02896298386926e-05,0.00129853630967633,0.00329363901932675,0,0,0
-1.28721699639566,0.0112310502090189,0.0177405221863063,0.00191539523400484,0.000721226263556182,0.00226647000116514,0.00711577525589302,1.04314487540301e-05,65.4760288612457,0,0,0.0196252779042596,0.0448176778438602,-0.000211468859209622,-0.0801761986645414,-0.0836039714090596,-0.109232376777593,-2.70444184797622e-05,-5.2196528080741e-05,-2.65804219076904e-05,0.000165053149047697,0.000165744390571154,0.000132610935156423,0.000156843643303295,-0.000203452061650643,0.0196185617248503,-0.0196185617248503,-9.43200083669928e-05,-0.000122616010732656,-0.000175165729631975,-0.000306540026950786,-0.0196185617248503,-0.0362715820712045,-6240.43826683582,-1560.10956670896,-99847.0122693732,0,0,0,0,0,0,2.16845619110243e-06,0.283750904748081,0,0,0.000223336439624705,-0.0448177024801167,0.00208889341942034,0.000207793419420339,0.000207793419420339,0.000207793419420339,0.000207793419420339,0.000207793419420339,0.000207793419420339,0.000207793419420339,0.000207793419420339,0.000265282174203825,0.000271756722330687,0.000207793419420339,0.000223295938531314,-0.000223295938531314,-1.07353816571426e-06,-1.39559961393289e-06,-1.99371373570922e-06,-3.48899903955178e-06,-0.000223295938531314,-0.000566194177126734,0,0,0
-0.413356311170649,0.00208855293641484,0.00329906990140502,0.000356191475055766,0.000134120959530583,0.000421478177742305,0.00132326657160068,6.99398733223533e-06,86.4669541367711,0,0,0.013070768188183,0,6.33892682722019e-05,-0.014909757505753,-0.0155471943168873,-0.020313113825029,-5.02924469024108e-06,-9.70659109921429e-06,-4.94295877885687e-06,3.06936780347809e-05,3.08222229603862e-05,0.000187486173242368,0.00028618247587972,-3.78344315867166e-05,0.0130683479827026,-0.0130683479827026,-6.28285961202738e-05,-8.16771748601452e-05,-0.000116681678380891,-0.000204192937229728,-0.0130683479827026,-0.0242337207024661,180156.086644456,45039.021661114,2882497.38631129,0,0,0,0,0,0,-6.26014655933836e-05,-8.19164462420969,0,0,-0.00644753096616944,0,-0.0366622351293807,3.86417608523846e-05,3.86417608523846e-05,3.86417608523846e-05,0.0392699067608524,0.0392699067608524,0.0392699067608524,0.0392699067608524,0.0392699067608524,0.0376102558445223,0.0374233412075287,3.86417608523846e-05,-0.0064463617344299,0.0064463617344299,3.09921237145116e-05,4.02897607856871e-05,5.75568011662731e-05,0.000100724402100467,0.0064463617344299,0.01634553902634,0,0,0
0.000329341612007514,4.19500408572998e-07,6.62641174863375e-07,7.15435394099262e-08,2.6939129164647e-08,8.46568285077837e-08,2.65787310323272e-07,8.39799118603862e-09,0.12016083682316,0,0,1.56611031491472e-05,0,-7.89875133561993e-09,9.97197940174513e-05,-3.12276229842352e-06,-4.080030436584e-06,-1.01015883561529e-09,-1.94963644970434e-09,-9.92827709145542e-10,6.16503908122208e-09,6.19085822512367e-09,2.62953147305821e-07,4.13103869526086e-07,-7.59930918294052e-09,1.56589964234905e-05,-1.56589964234905e-05,-7.52836367108155e-08,-9.78687276087766e-08,-1.39812468023628e-07,-2.4467181911704e-07,-1.56589964234905e-05,-2.90657552915312e-05,287.066178400785,71.7665446001963,4593.05885441256,0,0,0,0,0,0,-9.97510759969313e-08,-0.013052815260858,0,0,-1.02736916029472e-05,0,0.00376220776146689,-18.7830803991288,7.7614668907466e-09,7.7614668907466e-09,7.7614668907466e-09,7.7614668907466e-09,7.7614668907466e-09,7.7614668907466e-09,7.7614668907466e-09,-2.63677669390144e-06,-2.93461215163326e-06,7.7614668907466e-09,-1.0271828513593e-05,1.0271828513593e-05,4.93837909168582e-08,6.41989281231145e-08,9.17127545314847e-08,1.6049732052489e-07,1.0271828513593e-05,2.60454781716736e-05,0,0,0
0.000155690338630684,4.0184816367557e-07,6.34757759117494e-07,6.85330439427375e-08,2.5805551948464e-08,8.10945362226764e-08,2.54603190840731e-07,5.3347354045549e-09,0.0752719962740841,0,0,9.95072536996095e-06,0,-7.56637813618838e-09,-2.86871286337595e-06,9.97231637567175e-05,-3.90834598769267e-06,-9.67652151981204e-10,-1.86759729224988e-09,-9.51050305584944e-10,5.90561912014471e-09,5.93035181492283e-09,1.64586060683917e-07,2.57916707632065e-07,-7.27953627209913e-09,9.94933528252924e-06,-9.94933528252924e-06,-4.78333427422206e-08,-6.21833454916386e-08,-8.88333507093872e-08,-1.55458363789519e-07,-9.94933528252924e-06,-1.84658375756692e-05,177.770082821571,44.4425207053926,2844.32132514513,0,0,0,0,0,0,-6.17723660108709e-08,-0.00808315372749269,0,0,-6.36213927155624e-06,0,0.00376220743487051,7.43487051200934e-09,-19.5873895094554,7.43487051200934e-09,7.43487051200934e-09,7.43487051200934e-09,7.43487051200934e-09,7.43487051200934e-09,7.43487051200934e-09,-1.63023547605343e-06,-1.81467459836016e-06,7.43487051200934e-09,-6.36098552522967e-06,6.36098552522967e-06,3.05816611703951e-08,3.97561594789075e-08,5.67945135845784e-08,9.93903988317135e-08,6.36098552522967e-06,1.6129057200328e-05,0,0,0
0.000178398731190121,4.60995408523343e-07,7.28186511545133e-07,7.86202885705788e-08,2.9603820641711e-08,9.30306823180252e-08,2.92077736275854e-07,6.11642805529859e-09,0.0862994432479152,0,0,1.14087979834023e-05,0,-8.68005852765405e-09,-3.29095309604513e-06,-3.431651202391e-06,9.8230914905725e-05,-1.11007897866422e-09,-2.14248528305559e-09,-1.0910335389845e-09,6.77485564192435e-09,6.80322869364825e-09,1.88697868482647e-07,2.957001342922e-07,-8.35099697090105e-09,1.14072041066651e-05,-1.14072041066651e-05,-5.48423274791749e-08,-7.12950256389461e-08,-1.01850036635145e-07,-1.78237564166642e-07,-1.14072041066651e-05,-2.11716196977927e-05,203.80955515097,50.9523887877425,3260.95288241552,0,0,0,0,0,0,-7.08206816212996e-08,-0.00926716092645761,0,0,-7.29405507475557e-06,0,0.00564330852919455,8.52919455361511e-09,8.52919455361511e-09,-25.600962008361,8.52919455361511e-09,8.52919455361511e-09,8.52919455361511e-09,8.52919455361511e-09,8.52919455361511e-09,-1.86902443831749e-06,-2.08047990300048e-06,8.52919455361511e-09,-7.29273232954533e-06,7.29273232954533e-06,3.50612131129616e-08,4.5579576998003e-08,6.51136814753405e-08,1.13948942649146e-07,7.29273232954533e-06,1.84916152415974e-05,0,0,0
0.0113223220471181,4.10296537316746e-05,6.48102776478305e-05,6.99738686480181e-06,2.63480825970635e-06,8.27994511736383e-06,2.59955916275094e-05,4.67119653045186e-07,6.5452521605454,0,0,0.000871398446678791,0,-7.72545212328903e-07,-0.000292902409614947,-0.000305424865321317,-0.000399051425473415,0.00010261572310393,-1.90686127591938e-07,-9.71044992781334e-08,6.02977764920978e-07,6.05503031910668e-07,1.43056229778504e-05,2.23893006250903e-05,-7.43257975448977e-07,0.000871274491476429,-0.000871274491476429,-4.18881967386583e-06,-5.44546556961116e-06,-7.77923652863299e-06,-1.36136639293192e-05,-0.000871274491476429,-0.00161699574935426,15367.9470516096,3841.98676290241,245887.152825754,0.00952017912797085,0,0,0,0,0,-5.34012492451022e-06,-0.69877606244247,0,0,-0.000530132456462686,0,7.59117970970405e-07,7.59117970970405e-07,7.59117970970405e-07,7.59117970970405e-07,-0.028666209647575,7.59117970970405e-07,7.59117970970405e-07,7.59117970970405e-07,7.59117970970405e-07,-0.000140814935292367,-0.000156759410430515,7.59117970970405e-07,-0.000530619880186219,0.000530619880186219,2.55105711556303e-06,3.31637424667783e-06,4.73767749886454e-06,8.29093562790967e-06,0.000530619880186219,0.00137505447748519,0,0,0
0.0123701530413126,2.93668557574245e-05,4.63877684108544e-05,5.00835937055188e-06,1.88585637639767e-06,5.92634672306045e-06,1.86062693740121e-05,4.06689214934399e-07,5.74821625436891,0,0,0.000758565090152174,0,-5.52946996943271e-07,-0.000209644050871524,-0.000218606962254172,-0.000285619901359916,-7.07155182959494e-08,0.000102578039648002,-6.95022639563837e-08,4.31579587855465e-07,4.33387040385291e-07,1.25700492671273e-05,1.97042433027046e-05,-5.31984742018796e-07,0.00075845960319565,-0.00075845960319565,-3.64644040285708e-06,-4.74037251813033e-06,-6.77196074072336e-06,-1.1850931299932e-05,-0.00075845960319565,-0.00140770822921501,13595.103256927,3398.77581423174,217521.652110831,0,0.0121701784151441,0,0,0,0,-4.72408900875291e-06,-0.618165373063229,0,0,-0.00047570652438019,0,5.43336487852118e-07,5.43336487852118e-07,5.43336487852118e-07,5.43336487852118e-07,5.43336487852118e-07,-0.0354208679176289,5.43336487852118e-07,5.43336487852118e-07,5.43336487852118e-07,-0.000124698757732869,-0.000138803880892955,5.43336487852118e-07,-0.000475938789889391,0.000475938789889391,2.28816725844062e-06,2.97461743278494e-06,4.24945347864549e-06,7.43654359202173e-06,0.000475938789889391,0.00122295955365489,0,0,0
0.00752415003003486,5.24378879356706e-05,8.28306789670273e-05,8.94299987659279e-06,3.36741277803666e-06,1.05821715439592e-05,3.32236272209251e-05,4.79201072896599e-07,6.63359514121272,0,0,0.000894102217030192,0,-9.87350259748059e-07,-0.000374343489026799,-0.000390347794919907,-0.000510007080888188,-1.26270665622021e-07,-2.43706121795362e-07,0.000102590418430335,7.70634835755823e-07,7.73862249476617e-07,1.44881802134794e-05,2.26241551597683e-05,-9.4991975020736e-07,0.000893971095463847,-0.000893971095463847,-4.29793796235301e-06,-5.58731934447739e-06,-7.98188477845798e-06,-1.39682983666226e-05,-0.000893971095463847,-0.0016589794279698,15414.8968509658,3853.72421274146,246638.349615453,0,0,0.00219685187568724,0,0,0,-5.35643925673044e-06,-13.7113714455837,0,0,-0.00054564788917292,0,9.70189593897776e-07,9.70189593897776e-07,9.70189593897776e-07,9.70189593897776e-07,9.70189593897776e-07,9.70189593897776e-07,-0.0225069560350422,9.70189593897776e-07,9.70189593897776e-07,-0.000141036379045269,-0.000157029565303131,9.70189593897776e-07,-0.0005464607007736,0.0005464607007736,2.62721490682711e-06,3.41537937521503e-06,4.87911339688261e-06,8.53844844958749e-06,0.0005464607007736,0.00139347508539091,0,0,0
-0.00524147008608856,4.15304996061586e-05,6.56014117967162e-05,7.08280343610228e-06,2.6669711645059e-06,8.38101778008008e-06,2.63129178449461e-05,1.8957789458638e-07,2.46173608315849,0,0,0.000354051855216911,0,-7.81975613203786e-07,-0.000296477847137317,-0.000309153163511729,-0.000403922615989971,-1.00005626376829e-07,-1.93013818704086e-07,-9.82898465436831e-08,0.000103324860960043,6.12894361545164e-07,5.35517316834022e-06,8.25893020681343e-06,-7.52330869242219e-07,0.000353992026089676,-0.000353992026089676,-1.70188474215899e-06,-2.21245016220055e-06,-3.16064308910863e-06,-5.53112540765119e-06,-0.000353992026089676,-0.000656638821391844,5394.18866150688,1348.54716537672,86307.0185841101,0,0,0,0.00259194917781788,0.00531977628603731,0,-1.87439748601985e-06,-7.37953570859572,0,0,-0.000186545165454522,0,7.68384466527342e-07,7.68384466527342e-07,7.68384466527342e-07,7.68384466527342e-07,7.68384466527342e-07,7.68384466527342e-07,7.68384466527342e-07,-0.00996781589669433,7.68384466527342e-07,-4.8924469778222e-05,-5.45210212704313e-05,7.68384466527342e-07,-0.00018749504606959,0.00018749504606959,9.01418490465874e-07,1.17184403634979e-06,1.6740629103469e-06,2.92961009483734e-06,0.00018749504606959,0.000483893746223698,0,0,0
-0.000905422614493084,3.78121391456338e-05,5.97279044203844e-05,6.44865704980245e-06,2.42818857769618e-06,7.63063804884796e-06,2.39570368841215e-05,2.38179527446246e-07,3.20522089336722,0,0,0.000444588505559188,0,-7.11962797831817e-07,-0.000269933222953373,-0.000281473677101753,-0.000367758112825985,-9.10517979741853e-08,-1.75732664886766e-07,-8.94896374798633e-08,5.55692702113008e-07,0.000103272542630795,6.98829804267353e-06,1.08541459675542e-05,-6.84972244040231e-07,0.000444518836681637,-0.000444518836681637,-2.13710979342538e-06,-2.77824272818039e-06,-3.96891818342967e-06,-6.94560682315058e-06,-0.000444518836681637,-0.000824754469351068,7263.73369889411,1815.93342472353,116219.739182306,0,0,0,0,0,0.0130963022027219,-2.52403559435783e-06,-16.5217888649887,0,0,-0.000232680818101846,0,6.99588510641634e-07,6.99588510641634e-07,6.99588510641634e-07,6.99588510641634e-07,6.99588510641634e-07,6.99588510641634e-07,6.99588510641634e-07,6.99588510641634e-07,-0.014722550722789,-6.62160650977706e-05,-7.37522975550538e-05,6.99588510641634e-07,-0.000233439964440779,0.000233439964440779,1.12230752103452e-06,1.45899977578129e-06,2.08428539556167e-06,3.64749944438718e-06,0.000233439964440779,0.000632566016887075,0,0,0
-0.447481354053293,0.0013779066998825,0.00217653593608688,0.000234994579913719,8.84852691591789e-05,0.000278066978739023,0.000873014920018746,1.65031541993499e-06,13.4792109288885,0,0,0.00309842380824556,0,-2.59445334584524e-05,-0.00983659758036405,-0.0102571416027346,-0.0134014202594402,-3.31800541571489e-06,-6.40384865302291e-06,-3.26107895082679e-06,2.02499174767196e-05,2.03347240004803e-05,0.00013092065449349,3.80840786342346e-05,-2.49609745870612e-05,0.00309751395640606,-0.00309751395640606,-1.48918940329366e-05,-1.93594622200133e-05,-2.76563746022128e-05,-4.83986555688447e-05,-0.00309751395640606,-0.0057321179231333,12526.3851548138,3131.59628870345,200422.162477021,0,0,0,0,0,0,0.00212232994988541,-0.569571073203417,0,0,0.218581462917082,0,2.54936038466694e-05,2.54936038466694e-05,2.54936038466694e-05,2.54936038466694e-05,2.54936038466694e-05,2.54936038466694e-05,2.54936038466694e-05,2.54936038466694e-05,2.54936038466694e-05,-0.000829763571149977,-0.00010289945666754,2.54936038466694e-05,0.218542471837473,-0.218542471837473,-0.00105068496046183,-0.00136589044713657,-0.00195127206882499,-0.00341472612246051,-0.218542471837473,-0.554146762355342,0,0,0
-0.000730698987640372,2.05546180992697e-05,3.24679928977899e-05,3.50547961334152e-06,1.31995941026566e-06,4.1480025857235e-06,1.30230067663362e-05,1.2542914879822e-07,1.68289736331402,0,0,0.000234137734098172,0,-3.87021833225491e-07,-0.000146735266384744,-0.000153008638721561,-0.0001999127193765,-4.94956111158641e-08,-9.55279943407146e-08,-4.86464231805589e-08,3.02073660220385e-07,3.03338742760716e-07,3.6685170542241e-06,0.000108409127533362,-3.72349811541208e-07,0.000234100799567704,-0.000234100799567704,-1.12548461419457e-06,-1.46312999672946e-06,-2.09018570977932e-06,-3.65782499324537e-06,-0.000234100799567704,-0.000434338965542077,3803.4449060108,950.861226502701,60855.1184961729,0,0,0,0,0,0,-1.32163852942624e-06,190.30397584652,0,0,-0.000133188106316095,0,3.80295190586594e-07,3.80295190586594e-07,3.80295190586594e-07,3.80295190586594e-07,3.80295190586594e-07,3.80295190586594e-07,3.80295190586594e-07,3.80295190586594e-07,3.80295190586594e-07,-3.46581591910832e-05,-0.0142223226881378,3.80295190586594e-07,-0.000133607296345737,0.000133607296345737,6.42342770712461e-07,8.35045601031292e-07,1.19292228809666e-06,2.08761400540213e-06,0.000133607296345737,0.000342598156137882,0,0,0
-0.104728786176191,0.00145534837541263,0.00229886249836899,0.00024820184134192,9.34583544225031e-05,0.00029369501273072,0.00092208046137566,7.98219954588915e-06,105.946048737477,0,0,0.0149026831861612,0,-2.74026787320339e-05,-0.0103894380580277,-0.0108336176674299,-0.0141546123583414,-3.50448531223685e-06,-6.76376037242579e-06,-3.4443594429019e-06,2.13880116153705e-05,2.1477584470042e-05,0.000230793334260942,0.00035750034937921,7.63506812082818e-05,0.0149002763362593,-0.0149002763362593,-7.16359439808631e-05,-9.31267270654243e-05,-0.000133038181532587,-0.000232816817754051,-0.0149002763362593,-0.027643255243671,237058.845255102,59264.7113137756,3792941.52408164,0,0,0,0,0,0,-8.23742978727786e-05,-10.7789964331748,0,0,-0.0084840000360525,0,0.0037891264057899,2.69264057899039e-05,2.69264057899039e-05,2.69264057899039e-05,2.69264057899039e-05,2.69264057899039e-05,2.69264057899039e-05,2.69264057899039e-05,2.69264057899039e-05,-0.0021569294776266,-0.00240288157856466,-0.0178629504844432,-0.00848246149949137,0.00848246149949137,4.0781064889941e-05,5.30153843001075e-05,7.5736263343585e-05,0.000132538460929553,0.00848246149949137,0.0215083191405213,0,0,0
-0.157538725700458,0.00143080314509908,0.00226009095030878,0.000244015784269326,9.1882129188201e-05,0.000288741688941581,0.000906529080225649,1.32893624437905e-06,8.34145572139265,0,0,0.00250020334931004,0,-2.69405178693502e-05,-0.0102142146171864,-0.0106509028994276,-0.0139158872350622,-3.44538028929352e-06,-6.64968592885499e-06,-3.38626847496805e-06,2.1027291337039e-05,2.11153534975118e-05,1.6894247605088e-05,1.9981424172331e-05,-2.59192011672132e-05,0.0473170255714391,-0.00249934772757894,-1.20160948536134e-05,-1.56209232912969e-05,-2.23156047036228e-05,-3.90523082434209e-05,-0.00249934772757894,-0.00462089410512328,-795.013692647837,-198.753423161959,-12720.2190823654,0,0,0,0,0,0,2.76255014490758e-07,0.036149040328592,0,0,2.84524131121461e-05,0,2.64722775256373e-05,2.64722775256373e-05,2.64722775256373e-05,2.64722775256373e-05,2.64722775256373e-05,2.64722775256373e-05,2.64722775256373e-05,2.64722775256373e-05,2.64722775256373e-05,3.3796177750568e-05,3.46210163587661e-05,2.64722775256373e-05,-0.0447892552267261,-2.8447253390595e-05,-1.36765641262505e-07,-1.77795333450716e-07,-2.53993333694586e-07,-4.44488334228047e-07,-2.8447253390595e-05,-7.21314920949399e-05,0,0,0
-0.133759295406049,0.00121483285904639,0.00191894514648859,0.000207183213058861,7.80131285560198e-05,0.000245158037780588,0.000769694502078381,1.1283420942841e-06,7.08236806533338,0,0,0.00212281416450852,0,-2.28740246060521e-05,-0.00867244637308277,-0.00904321944291024,-0.0118153759542981,-2.925322887136e-06,-5.64595975091462e-06,-2.87513361082193e-06,1.7853360569184e-05,1.79281303280761e-05,1.43441724948861e-05,1.69653601463188e-05,-2.20068689155583e-05,0.0021220876932274,0.0426955901506328,-1.02023446870302e-05,-1.32630480775162e-05,-1.89472115408118e-05,-3.31576202066781e-05,-0.0021220876932274,-0.00392340065529335,-675.01162583307,-168.752906458267,-10800.1860133291,0,0,0,0,0,0,2.34556144378945e-07,0.0306925814110687,0,0,2.41577092461618e-05,0,2.24764620500694e-05,2.24764620500694e-05,2.24764620500694e-05,2.24764620500694e-05,2.24764620500694e-05,2.24764620500694e-05,2.24764620500694e-05,2.24764620500694e-05,2.24764620500694e-05,2.86948679014257e-05,2.93952025687636e-05,2.24764620500694e-05,2.41533283505052e-05,-0.0448418558084672,-1.16121770883259e-07,-1.50958301986457e-07,-2.15654717287856e-07,-3.77395755476644e-07,-2.41533283505052e-05,-6.12437197032508e-05,0,0,0
0,0,0,0,0,0,0,0,0,0,0,0,0,0,0,0,0,0,0,0,0,0,0,0,0,0,0,0,0,0,0,0,0,0,0,0,0,0,0,138038.426460288,0,0,0,0,0,0,434608.953045621,0,0,0,0,0,0,0,0,0,0,0,0,0,434608.953045621,-434608.953045621,-140241.70629645,-2716.3059528608,-3880.43707847264,-6790.76489133784,-434608.953045621,-434608.953045621,0,0,0
0,0,0,0,0,0,0,0,0,0,0,0,0,0,0,0,0,0,0,0,0,0,0,0,0,0,0,0,0,0,0,0,0,0,0,0,0,0,0,0,151356.124843621,0,0,0,0,0,613571.875142993,0,0,0,0,0,0,0,0,0,0,0,0,0,613571.875142993,-613571.875142993,-2949.86478351238,-155304.762774474,-5478.32031054115,-9587.06054910927,-613571.875142993,-613571.875142993,0,0,0
0,0,0,0,0,0,0,0,0,0,0,0,0,0,0,0,0,0,0,0,0,0,0,0,0,0,0,0,0,0,0,0,0,0,0,0,0,0,0,0,0,131825.673855641,0,0,0,0,272420.764538788,0,0,0,0,0,0,0,0,0,0,0,0,0,272420.764538788,-272420.764538788,-1309.71521376075,-1702.62977606429,-134371.815825405,-4256.57444591857,-272420.764538788,-272420.764538788,0,0,0
0,0,0,0,0,0,0,0,0,0,0,0,0,0,0,0,0,0,0,0,0,0,0,0,0,0,0,0,0,0,0,0,0,0,0,0,0,0,0,0,0,0,173780.082874938,0,0,0,22424673.8174929,0,0,0,0,0,0,0,0,0,0,0,0,0,22424673.8174929,-22424673.8174929,-107810.931784574,-140154.211169745,-200220.301823648,-524279.424989603,-22424673.8174929,-22424673.8174929,0,0,0
0,0,0,0,0,0,0,0,0,0,0,0,0,0,0,0,0,0,0,0,0,0,0,0,0,0,0,0,0,0,0,0,0,0,0,0,0,0,0,0,0,0,0,0,0,4937.07339753436,4976023.78190575,0,0,0,0,0,0,0,0,0,0,0,0,0,4976023.78190575,-4976023.78190575,-23923.1912524397,-31100.1485948419,-44428.7837407754,-77750.3715922774,-4981074.66901969,-4976023.78190575,0,0,0
0,0,0,0,0,0,0,0,0,0,0,0,0,0,0,0,0,0,0,0,0,0,0,0,0,0,0,0,0,0,0,0,0,0,0,0,0,0,0,0,0,0,0,0,0,0,472114.528149164,0,0,0,0,0,0,0,0,0,0,0,0,0,472103.425282637,-472103.425282637,-2269.72800552871,-2950.64640402516,-4215.2091518197,-7376.61602004121,-472103.425282637,-472228.341865515,0,0,0
-0.00464169839332115,0,0,0,0,0,0,0,0,0,0,0,0,0,0,0,0,0,0,0,0,0,0,0,0,0,0,0,0,0,0,0,0,0,0,0,0,0,0,0,0,0,0,18547.714845488,0,0,0,0,0,0,0,0,0,0,0,0,0,0,0,0,0,0,0,0,0,0,0,0,-23135.5099942252,-5695.76713028626,-364529.09633832
-1168.63633784895,0,0,0,0,0,0,0,0,0,0,0,0,0,0,0,0,0,0,0,0,0,0,0,0,0,0,0,0,0,0,0,0,0,0,0,0,0,0,0,0,0,0,0,18547.714845488,0,0,0,0,0,0,0,0,0,0,0,0,0,0,0,0,0,0,0,0,0,0,0,-5736073200.89451,-1434018853.8882,-91777171214.3121
-1.40122520998059,0,0,0,0,0,0,0,0,0,0,0,0,0,0,0,0,0,0,0,0,0,0,0,0,0,0,0,0,0,0,0,0,0,0,0,0,0,0,0,0,0,0,0,0,18547.714845488,0,0,0,0,0,0,0,0,0,0,0,0,0,0,0,0,0,0,0,0,-18547.714845488,0,-6877700.2010635,-1719425.05026587,-110056105.203261
